"","AreaCode","AreaName","StationCode","Medium","YearMonth","Sample_ID","survey_year","ID","country","n_nh4","n_no3","ph","s_so4"
"1","SE04","GÅRDSJÖN F1","360","PICE ABI",1996-01-01,"117061",1996,"1996_SE04","Sweden",0.88,1.78,3.87,5.13
"2","SE04","GÅRDSJÖN F1","360","PICE ABI",1996-02-01,"117062",1996,"1996_SE04","Sweden",1.23,2.88,3.86,6.22
"3","SE04","GÅRDSJÖN F1","360","PICE ABI",1996-03-01,"117063",1996,"1996_SE04","Sweden",0.76,3.29,4.4,0.76
"4","SE04","GÅRDSJÖN F1","360","PICE ABI",1996-04-01,"117064",1996,"1996_SE04","Sweden",1.14,1.47,4.34,1.61
"5","SE04","GÅRDSJÖN F1","360","PICE ABI",1996-05-01,"117065",1996,"1996_SE04","Sweden",0.15,0.28,4.4,0.97
"6","SE04","GÅRDSJÖN F1","360","PICE ABI",1996-06-01,"117066",1996,"1996_SE04","Sweden",1,1.66,4.35,2.23
"7","SE04","GÅRDSJÖN F1","360","PICE ABI",1996-07-01,"117067",1996,"1996_SE04","Sweden",0.38,0.66,4.14,2.16
"8","SE04","GÅRDSJÖN F1","360","PICE ABI",1996-08-01,"117068",1996,"1996_SE04","Sweden",1.52,1.49,4.55,2.51
"9","SE04","GÅRDSJÖN F1","360","PICE ABI",1996-09-01,"117069",1996,"1996_SE04","Sweden",0.19,0.34,4.55,0.64
"10","SE04","GÅRDSJÖN F1","360","PICE ABI",1996-10-01,"117070",1996,"1996_SE04","Sweden",1.69,2.36,4.09,3.43
"11","SE04","GÅRDSJÖN F1","360","PICE ABI",1996-11-01,"117071",1996,"1996_SE04","Sweden",0.29,0.47,4.41,1.77
"12","SE04","GÅRDSJÖN F1","360","PICE ABI",1996-12-01,"117072",1996,"1996_SE04","Sweden",0.48,1.4,4.39,2.03
"13","SE04","GÅRDSJÖN F1","360","PICE ABI",1997-01-01,"117073",1997,"1997_SE04","Sweden",1.03,2.3,4.11,4.76
"14","SE04","GÅRDSJÖN F1","360","PICE ABI",1997-02-01,"117074",1997,"1997_SE04","Sweden",0.48,1.17,4.21,2.64
"15","SE04","GÅRDSJÖN F1","360","PICE ABI",1997-03-01,"117075",1997,"1997_SE04","Sweden",1.71,2.84,4.1,5.34
"16","SE04","GÅRDSJÖN F1","360","PICE ABI",1997-04-01,"117076",1997,"1997_SE04","Sweden",0.98,1.54,4.13,3.67
"17","SE04","GÅRDSJÖN F1","360","PICE ABI",1997-05-01,"117077",1997,"1997_SE04","Sweden",0.28,0.82,4.43,0.91
"18","SE04","GÅRDSJÖN F1","360","PICE ABI",1997-06-01,"117078",1997,"1997_SE04","Sweden",0.17,0.31,4.91,0.84
"19","SE04","GÅRDSJÖN F1","360","PICE ABI",1997-07-01,"117079",1997,"1997_SE04","Sweden",1,0.84,5.01,1.04
"20","SE04","GÅRDSJÖN F1","360","PICE ABI",1997-08-01,"117080",1997,"1997_SE04","Sweden",0.86,0.88,4.56,1.25
"21","SE04","GÅRDSJÖN F1","360","PICE ABI",1997-09-01,"117081",1997,"1997_SE04","Sweden",0.17,0.71,4.35,1.9
"22","SE04","GÅRDSJÖN F1","360","PICE ABI",1997-10-01,"117082",1997,"1997_SE04","Sweden",0.25,0.65,4.68,1.48
"23","SE04","GÅRDSJÖN F1","360","PICE ABI",1997-11-01,"117083",1997,"1997_SE04","Sweden",0.15,1.2,5.27,1.96
"24","SE04","GÅRDSJÖN F1","360","PICE ABI",1997-12-01,"117084",1997,"1997_SE04","Sweden",0.26,0.83,4.55,1.26
"25","SE04","GÅRDSJÖN F1","360","PICE ABI",1998-01-01,"117085",1998,"1998_SE04","Sweden",0.29,0.77,4.51,1.32
"26","SE04","GÅRDSJÖN F1","360","PICE ABI",1998-02-01,"117086",1998,"1998_SE04","Sweden",0.58,1.47,4.32,2.56
"27","SE04","GÅRDSJÖN F1","360","PICE ABI",1998-03-01,"117087",1998,"1998_SE04","Sweden",0.71,1.95,4.35,3.45
"28","SE04","GÅRDSJÖN F1","360","PICE ABI",1998-04-01,"117088",1998,"1998_SE04","Sweden",0.41,0.8,4.43,1.35
"29","SE04","GÅRDSJÖN F1","360","PICE ABI",1998-05-01,"117089",1998,"1998_SE04","Sweden",NA,1.24,NA,1.86
"30","SE04","GÅRDSJÖN F1","360","PICE ABI",1998-06-01,"117090",1998,"1998_SE04","Sweden",0.26,0.26,4.97,1.06
"31","SE04","GÅRDSJÖN F1","360","PICE ABI",1998-07-01,"117091",1998,"1998_SE04","Sweden",0.23,0.15,4.91,0.72
"32","SE04","GÅRDSJÖN F1","360","PICE ABI",1998-08-01,"117092",1998,"1998_SE04","Sweden",0.36,0.3,4.65,1.4
"33","SE04","GÅRDSJÖN F1","360","PICE ABI",1998-09-01,"117093",1998,"1998_SE04","Sweden",0.22,0.27,4.92,0.92
"34","SE04","GÅRDSJÖN F1","360","PICE ABI",1998-10-01,"117094",1998,"1998_SE04","Sweden",0.13,0.17,4.72,1
"35","SE04","GÅRDSJÖN F1","360","PICE ABI",1998-11-01,"117095",1998,"1998_SE04","Sweden",0.25,0.38,4.56,1.4
"36","SE04","GÅRDSJÖN F1","360","PICE ABI",1998-12-01,"117096",1998,"1998_SE04","Sweden",0.43,1.04,4.38,2.48
"37","SE04","GÅRDSJÖN F1","360","PICE ABI",1999-01-01,"117097",1999,"1999_SE04","Sweden",0.24,0.81,4.43,1.47
"38","SE04","GÅRDSJÖN F1","360","PICE ABI",1999-02-01,"117098",1999,"1999_SE04","Sweden",0.23,1.52,4.28,3.05
"39","SE04","GÅRDSJÖN F1","360","PICE ABI",1999-03-01,"117099",1999,"1999_SE04","Sweden",0.56,0.94,4.33,1.6
"40","SE04","GÅRDSJÖN F1","360","PICE ABI",1999-04-01,"117100",1999,"1999_SE04","Sweden",0.28,0.51,4.62,0.78
"41","SE04","GÅRDSJÖN F1","360","PICE ABI",1999-05-01,"117101",1999,"1999_SE04","Sweden",0.31,0.49,4.68,0.98
"42","SE04","GÅRDSJÖN F1","360","PICE ABI",1999-06-01,"117102",1999,"1999_SE04","Sweden",0.54,0.54,4.87,0.87
"43","SE04","GÅRDSJÖN F1","360","PICE ABI",1999-07-01,"117103",1999,"1999_SE04","Sweden",1.21,0.92,5.15,1.36
"44","SE04","GÅRDSJÖN F1","360","PICE ABI",1999-08-01,"117104",1999,"1999_SE04","Sweden",0.62,0.63,5.1,0.91
"45","SE04","GÅRDSJÖN F1","360","PICE ABI",1999-09-01,"117105",1999,"1999_SE04","Sweden",0.36,0.53,4.74,1.1
"46","SE04","GÅRDSJÖN F1","360","PICE ABI",1999-10-01,"117106",1999,"1999_SE04","Sweden",0.18,0.29,4.69,1.36
"47","SE04","GÅRDSJÖN F1","360","PICE ABI",1999-11-01,"117107",1999,"1999_SE04","Sweden",0.92,2.83,4.16,4.37
"48","SE04","GÅRDSJÖN F1","360","PICE ABI",1999-12-01,"117108",1999,"1999_SE04","Sweden",0.25,0.56,4.68,1.59
"49","SE04","GÅRDSJÖN F1","360","PICE ABI",2000-01-01,"117109",2000,"2000_SE04","Sweden",0.36,0.9,4.46,1.69
"50","SE04","GÅRDSJÖN F1","360","PICE ABI",2000-02-01,"117110",2000,"2000_SE04","Sweden",0.38,1.24,4.34,1.86
"51","SE04","GÅRDSJÖN F1","360","PICE ABI",2000-03-01,"117111",2000,"2000_SE04","Sweden",0.5,1.28,4.35,1.73
"52","SE04","GÅRDSJÖN F1","360","PICE ABI",2000-04-01,"117112",2000,"2000_SE04","Sweden",0.47,0.84,4.46,1.42
"53","SE04","GÅRDSJÖN F1","360","PICE ABI",2000-05-01,"117113",2000,"2000_SE04","Sweden",0.32,0.86,4.76,0.92
"54","SE04","GÅRDSJÖN F1","360","PICE ABI",2000-06-01,"117114",2000,"2000_SE04","Sweden",0.32,0.86,4.58,1.04
"55","SE04","GÅRDSJÖN F1","360","PICE ABI",2000-07-01,"117115",2000,"2000_SE04","Sweden",0.12,0.08,4.77,0.98
"56","SE04","GÅRDSJÖN F1","360","PICE ABI",2000-08-01,"117116",2000,"2000_SE04","Sweden",0.28,0.4,4.04,1.15
"57","SE04","GÅRDSJÖN F1","360","PICE ABI",2000-09-01,"117117",2000,"2000_SE04","Sweden",0.35,0.57,4.82,1.73
"58","SE04","GÅRDSJÖN F1","360","PICE ABI",2000-10-01,"117118",2000,"2000_SE04","Sweden",0.3,0.43,4.98,1.44
"59","SE04","GÅRDSJÖN F1","360","PICE ABI",2000-11-01,"117119",2000,"2000_SE04","Sweden",0.79,0.7,5.03,0.94
"60","SE04","GÅRDSJÖN F1","360","PICE ABI",2000-12-01,"117120",2000,"2000_SE04","Sweden",0.37,0.58,4.71,0.9
"61","SE04","GÅRDSJÖN F1","360","PICE ABI",2001-01-01,"117121",2001,"2001_SE04","Sweden",1.42,1.07,5.7,1.79
"62","SE04","GÅRDSJÖN F1","360","PICE ABI",2001-02-01,"117122",2001,"2001_SE04","Sweden",1.08,1.05,5.2,1.38
"63","SE04","GÅRDSJÖN F1","360","PICE ABI",2001-03-01,"117123",2001,"2001_SE04","Sweden",0.67,2.22,4.3,2.18
"64","SE04","GÅRDSJÖN F1","360","PICE ABI",2001-04-01,"117124",2001,"2001_SE04","Sweden",0.27,0.6,4.6,0.82
"65","SE04","GÅRDSJÖN F1","360","PICE ABI",2001-05-01,"117125",2001,"2001_SE04","Sweden",0.39,1.27,4.7,1.62
"66","SE04","GÅRDSJÖN F1","360","PICE ABI",2001-06-01,"117126",2001,"2001_SE04","Sweden",0.52,0.71,4.9,1.26
"67","SE04","GÅRDSJÖN F1","360","PICE ABI",2001-07-01,"117127",2001,"2001_SE04","Sweden",0.52,0.44,5,0.89
"68","SE04","GÅRDSJÖN F1","360","PICE ABI",2001-08-01,"117128",2001,"2001_SE04","Sweden",0.38,0.63,4.7,1.37
"69","SE04","GÅRDSJÖN F1","360","PICE ABI",2001-09-01,"117129",2001,"2001_SE04","Sweden",0.2,0.31,5.1,1.04
"70","SE04","GÅRDSJÖN F1","360","PICE ABI",2001-10-01,"117130",2001,"2001_SE04","Sweden",0.33,0.86,5.2,2.38
"71","SE04","GÅRDSJÖN F1","360","PICE ABI",2001-11-01,"117131",2001,"2001_SE04","Sweden",0.38,0.67,4.7,4.15
"72","SE04","GÅRDSJÖN F1","360","PICE ABI",2001-12-01,"117132",2001,"2001_SE04","Sweden",0.54,1.8,4.5,2.97
"73","SE04","GÅRDSJÖN F1","360","PICE ABI",2002-01-01,"117133",2002,"2002_SE04","Sweden",0.49,1.24,4.41,1.94
"74","SE04","GÅRDSJÖN F1","360","PICE ABI",2002-02-01,"117134",2002,"2002_SE04","Sweden",0.18,0.51,4.57,1.1
"75","SE04","GÅRDSJÖN F1","360","PICE ABI",2002-03-01,"117135",2002,"2002_SE04","Sweden",0.7,1.87,4.29,2.94
"76","SE04","GÅRDSJÖN F1","360","PICE ABI",2002-04-01,"117136",2002,"2002_SE04","Sweden",1.8,4.73,4.58,4.31
"77","SE04","GÅRDSJÖN F1","360","PICE ABI",2002-05-01,"117137",2002,"2002_SE04","Sweden",0.61,0.53,5.75,0.94
"78","SE04","GÅRDSJÖN F1","360","PICE ABI",2002-06-01,"117138",2002,"2002_SE04","Sweden",0.25,0.34,5.19,0.71
"79","SE04","GÅRDSJÖN F1","360","PICE ABI",2002-07-01,"117139",2002,"2002_SE04","Sweden",0.27,0.19,4.93,0.95
"80","SE04","GÅRDSJÖN F1","360","PICE ABI",2002-08-01,"117140",2002,"2002_SE04","Sweden",0.87,0.54,5.87,0.81
"81","SE04","GÅRDSJÖN F1","360","PICE ABI",2002-09-01,"117141",2002,"2002_SE04","Sweden",0.8,1.2,4.96,0.97
"82","SE04","GÅRDSJÖN F1","360","PICE ABI",2002-10-01,"117142",2002,"2002_SE04","Sweden",0.09,0.52,4.91,0.72
"83","SE04","GÅRDSJÖN F1","360","PICE ABI",2002-11-01,"117143",2002,"2002_SE04","Sweden",0.21,0.82,4.63,1.03
"84","SE04","GÅRDSJÖN F1","360","PICE ABI",2002-12-01,"117144",2002,"2002_SE04","Sweden",0.23,0.48,4.6,0.91
"85","SE04","GÅRDSJÖN F1","360","PICE ABI",2003-01-01,"117145",2003,"2003_SE04","Sweden",0.39,1.55,4.36,2.7
"86","SE04","GÅRDSJÖN F1","360","PICE ABI",2003-02-01,"117146",2003,"2003_SE04","Sweden",0.7,1.32,4.41,1.45
"87","SE04","GÅRDSJÖN F1","360","PICE ABI",2003-03-01,"117147",2003,"2003_SE04","Sweden",1.11,3.47,4.52,4.63
"88","SE04","GÅRDSJÖN F1","360","PICE ABI",2003-04-01,"117148",2003,"2003_SE04","Sweden",0.57,0.83,4.78,0.77
"89","SE04","GÅRDSJÖN F1","360","PICE ABI",2003-05-01,"117149",2003,"2003_SE04","Sweden",0.39,0.93,4.71,0.89
"90","SE04","GÅRDSJÖN F1","360","PICE ABI",2003-06-01,"117150",2003,"2003_SE04","Sweden",0.43,0.97,4.89,1.62
"91","SE04","GÅRDSJÖN F1","360","PICE ABI",2003-07-01,"117151",2003,"2003_SE04","Sweden",0.63,0.35,5.35,0.76
"92","SE04","GÅRDSJÖN F1","360","PICE ABI",2003-08-01,"117152",2003,"2003_SE04","Sweden",1.69,1.19,5.33,2.19
"93","SE04","GÅRDSJÖN F1","360","PICE ABI",2003-09-01,"117153",2003,"2003_SE04","Sweden",2.26,3.31,5.03,3.02
"94","SE04","GÅRDSJÖN F1","360","PICE ABI",2003-10-01,"117154",2003,"2003_SE04","Sweden",0.22,0.65,4.77,0.98
"95","SE04","GÅRDSJÖN F1","360","PICE ABI",2003-11-01,"117155",2003,"2003_SE04","Sweden",0.36,1.11,4.57,1.37
"96","SE04","GÅRDSJÖN F1","360","PICE ABI",2003-12-01,"117156",2003,"2003_SE04","Sweden",0.13,0.49,4.82,0.73
"97","SE04","GÅRDSJÖN F1","360","PICE ABI",2004-01-01,"117157",2004,"2004_SE04","Sweden",0.32,1.11,4.44,1.25
"98","SE04","GÅRDSJÖN F1","360","PICE ABI",2004-02-01,"117158",2004,"2004_SE04","Sweden",0.15,0.64,4.6,1.11
"99","SE04","GÅRDSJÖN F1","360","PICE ABI",2004-03-01,"117159",2004,"2004_SE04","Sweden",0.43,1.26,4.5,1.7
"100","SE04","GÅRDSJÖN F1","360","PICE ABI",2004-04-01,"117160",2004,"2004_SE04","Sweden",0.59,1.27,4.57,1.14
"101","SE04","GÅRDSJÖN F1","360","PICE ABI",2004-05-01,"117161",2004,"2004_SE04","Sweden",0.86,1.67,4.8,2.13
"102","SE04","GÅRDSJÖN F1","360","PICE ABI",2004-06-01,"117162",2004,"2004_SE04","Sweden",0.29,0.68,4.65,1.43
"103","SE04","GÅRDSJÖN F1","360","PICE ABI",2004-07-01,"117163",2004,"2004_SE04","Sweden",0.32,0.25,4.99,0.98
"104","SE04","GÅRDSJÖN F1","360","PICE ABI",2004-08-01,"117164",2004,"2004_SE04","Sweden",0.49,0.5,5.12,0.91
"105","SE04","GÅRDSJÖN F1","360","PICE ABI",2004-09-01,"117165",2004,"2004_SE04","Sweden",0.39,0.75,4.74,1.02
"106","SE04","GÅRDSJÖN F1","360","PICE ABI",2004-10-01,"117166",2004,"2004_SE04","Sweden",0.09,0.34,4.84,1.03
"107","SE04","GÅRDSJÖN F1","360","PICE ABI",2004-11-01,"117167",2004,"2004_SE04","Sweden",0.06,0.59,4.74,1.51
"108","SE04","GÅRDSJÖN F1","360","PICE ABI",2004-12-01,"117168",2004,"2004_SE04","Sweden",0.41,1.22,4.58,2.38
"109","SE04","GÅRDSJÖN F1","360","PICE ABI",2005-01-01,"117181",2005,"2005_SE04","Sweden",0.288,0.798,4.54,0.798
"110","SE04","GÅRDSJÖN F1","360","PICE ABI",2005-02-01,"117182",2005,"2005_SE04","Sweden",0.653,1.59,4.52,1.59
"111","SE04","GÅRDSJÖN F1","360","PICE ABI",2005-03-01,"117183",2005,"2005_SE04","Sweden",0.168,0.871,4.55,0.871
"112","SE04","GÅRDSJÖN F1","360","PICE ABI",2005-04-01,"117184",2005,"2005_SE04","Sweden",1.681,1.408,4.96,1.408
"113","SE04","GÅRDSJÖN F1","360","PICE ABI",2005-05-01,"117185",2005,"2005_SE04","Sweden",0.928,1.353,5.18,1.353
"114","SE04","GÅRDSJÖN F1","360","PICE ABI",2005-06-01,"117186",2005,"2005_SE04","Sweden",0.297,0.36,5.41,0.36
"115","SE04","GÅRDSJÖN F1","360","PICE ABI",2005-07-01,"117187",2005,"2005_SE04","Sweden",0.281,0.46,5.25,0.46
"116","SE04","GÅRDSJÖN F1","360","PICE ABI",2005-08-01,"117188",2005,"2005_SE04","Sweden",0.185,0.268,5.02,0.268
"117","SE04","GÅRDSJÖN F1","360","PICE ABI",2005-09-01,"117189",2005,"2005_SE04","Sweden",0.754,1.471,4.69,1.471
"118","SE04","GÅRDSJÖN F1","360","PICE ABI",2005-10-01,"117190",2005,"2005_SE04","Sweden",0.101,0.505,4.96,0.505
"119","SE04","GÅRDSJÖN F1","360","PICE ABI",2005-11-01,"117191",2005,"2005_SE04","Sweden",0.314,0.798,4.69,0.798
"120","SE04","GÅRDSJÖN F1","360","PICE ABI",2005-12-01,"117192",2005,"2005_SE04","Sweden",0.349,0.929,4.65,0.929
"121","SE04","GÅRDSJÖN F1","360","PICE ABI",2006-01-01,"117169",2006,"2006_SE04","Sweden",0.31,0.72,4.6,0.78
"122","SE04","GÅRDSJÖN F1","360","PICE ABI",2006-02-01,"117170",2006,"2006_SE04","Sweden",1.36,1.36,4.3,1.55
"123","SE04","GÅRDSJÖN F1","360","PICE ABI",2006-03-01,"117171",2006,"2006_SE04","Sweden",0.49,1.78,4.3,1.45
"124","SE04","GÅRDSJÖN F1","360","PICE ABI",2006-04-01,"117172",2006,"2006_SE04","Sweden",0.49,0.78,4.5,0.88
"125","SE04","GÅRDSJÖN F1","360","PICE ABI",2006-05-01,"117173",2006,"2006_SE04","Sweden",0.79,0.64,5.8,0.88
"126","SE04","GÅRDSJÖN F1","360","PICE ABI",2006-06-01,"117174",2006,"2006_SE04","Sweden",0.01,1.04,5.3,1.26
"127","SE04","GÅRDSJÖN F1","360","PICE ABI",2006-07-01,"117175",2006,"2006_SE04","Sweden",0.26,0.49,5.4,0.62
"128","SE04","GÅRDSJÖN F1","360","PICE ABI",2006-08-01,"117176",2006,"2006_SE04","Sweden",0.6,0.32,5.8,0.38
"129","SE04","GÅRDSJÖN F1","360","PICE ABI",2006-09-01,"117177",2006,"2006_SE04","Sweden",0.15,0.38,5,0.53
"130","SE04","GÅRDSJÖN F1","360","PICE ABI",2006-10-01,"117178",2006,"2006_SE04","Sweden",0.19,0.51,5,0.72
"131","SE04","GÅRDSJÖN F1","360","PICE ABI",2006-11-01,"117179",2006,"2006_SE04","Sweden",0.16,0.49,4.8,0.74
"132","SE04","GÅRDSJÖN F1","360","PICE ABI",2006-12-01,"117180",2006,"2006_SE04","Sweden",0.22,0.48,4.7,0.89
"133","SE04","GÅRDSJÖN F1","360","PICE ABI",2007-01-01,"117193",2007,"2007_SE04","Sweden",0.13,0.339,4.73,1.832
"134","SE04","GÅRDSJÖN F1","360","PICE ABI",2007-02-01,"117194",2007,"2007_SE04","Sweden",0.352,0.701,4.61,0.903
"135","SE04","GÅRDSJÖN F1","360","PICE ABI",2007-03-01,"117195",2007,"2007_SE04","Sweden",0.07,0.728,4.67,1.27
"136","SE04","GÅRDSJÖN F1","360","PICE ABI",2007-04-01,"117196",2007,"2007_SE04","Sweden",0.29,0.79,4.98,1.2
"137","SE04","GÅRDSJÖN F1","360","PICE ABI",2007-05-01,"117197",2007,"2007_SE04","Sweden",0.46,0.9,5.2,1.202
"138","SE04","GÅRDSJÖN F1","360","PICE ABI",2007-06-01,"117198",2007,"2007_SE04","Sweden",0.32,0.306,5.51,0.517
"139","SE04","GÅRDSJÖN F1","360","PICE ABI",2007-07-01,"117199",2007,"2007_SE04","Sweden",0.19,0.117,5.17,0.47
"140","SE04","GÅRDSJÖN F1","360","PICE ABI",2007-08-01,"117200",2007,"2007_SE04","Sweden",0.32,0.394,5.17,1.01
"141","SE04","GÅRDSJÖN F1","360","PICE ABI",2007-09-01,"117201",2007,"2007_SE04","Sweden",0.09,0.199,5.21,0.779
"142","SE04","GÅRDSJÖN F1","360","PICE ABI",2007-10-01,"117202",2007,"2007_SE04","Sweden",0.29,1.054,4.92,1.468
"143","SE04","GÅRDSJÖN F1","360","PICE ABI",2007-11-01,"117203",2007,"2007_SE04","Sweden",0.23,0.742,4.69,1.108
"144","SE04","GÅRDSJÖN F1","360","PICE ABI",2007-12-01,"117204",2007,"2007_SE04","Sweden",0.301,0.721,4.91,0.792
"145","SE04","GÅRDSJÖN F1","360","PICE ABI",2008-01-01,"168904",2008,"2008_SE04","Sweden",0.29,0.83,4.55,0.98
"146","SE04","GÅRDSJÖN F1","360","PICE ABI",2008-02-01,"168905",2008,"2008_SE04","Sweden",0.29,1.05,4.5,1.83
"147","SE04","GÅRDSJÖN F1","360","PICE ABI",2008-03-01,"168906",2008,"2008_SE04","Sweden",0.28,0.6,4.77,0.61
"148","SE04","GÅRDSJÖN F1","360","PICE ABI",2008-04-01,"168907",2008,"2008_SE04","Sweden",0.24,0.59,4.81,0.54
"149","SE04","GÅRDSJÖN F1","360","PICE ABI",2008-05-01,"168908",2008,"2008_SE04","Sweden",0.52,1.06,4.48,0.9
"150","SE04","GÅRDSJÖN F1","360","PICE ABI",2008-06-01,"168909",2008,"2008_SE04","Sweden",0.01,0.63,5.22,0.9
"151","SE04","GÅRDSJÖN F1","360","PICE ABI",2008-07-01,"168910",2008,"2008_SE04","Sweden",0.48,0.34,5.8,0.72
"152","SE04","GÅRDSJÖN F1","360","PICE ABI",2008-08-01,"168911",2008,"2008_SE04","Sweden",0.22,0.16,5.14,0.39
"153","SE04","GÅRDSJÖN F1","360","PICE ABI",2008-09-01,"168912",2008,"2008_SE04","Sweden",0.22,0.26,5.07,0.41
"154","SE04","GÅRDSJÖN F1","360","PICE ABI",2008-10-01,"168913",2008,"2008_SE04","Sweden",0.2,0.39,4.96,0.92
"155","SE04","GÅRDSJÖN F1","360","PICE ABI",2008-11-01,"168914",2008,"2008_SE04","Sweden",0.14,0.39,4.74,1.07
"156","SE04","GÅRDSJÖN F1","360","PICE ABI",2008-12-01,"168915",2008,"2008_SE04","Sweden",0.22,0.82,4.74,1.33
"157","SE04","GÅRDSJÖN F1","360","PICE ABI",2009-01-01,"169059",2009,"2009_SE04","Sweden",0.51,1.58,4.6,1.98
"158","SE04","GÅRDSJÖN F1","360","PICE ABI",2009-02-01,"169060",2009,"2009_SE04","Sweden",0.4,1.02,4.7,0.73
"159","SE04","GÅRDSJÖN F1","360","PICE ABI",2009-03-01,"169061",2009,"2009_SE04","Sweden",0.28,0.79,4.6,0.94
"160","SE04","GÅRDSJÖN F1","360","PICE ABI",2009-04-01,"169062",2009,"2009_SE04","Sweden",2.09,3.03,5.5,1.94
"161","SE04","GÅRDSJÖN F1","360","PICE ABI",2009-05-01,"169063",2009,"2009_SE04","Sweden",0.86,0.84,5.7,0.75
"162","SE04","GÅRDSJÖN F1","360","PICE ABI",2009-06-01,"169064",2009,"2009_SE04","Sweden",0.23,0.26,5.5,0.56
"163","SE04","GÅRDSJÖN F1","360","PICE ABI",2009-07-01,"169065",2009,"2009_SE04","Sweden",0.24,0.24,5.2,0.56
"164","SE04","GÅRDSJÖN F1","360","PICE ABI",2009-08-01,"169066",2009,"2009_SE04","Sweden",0.42,0.42,5.3,1.02
"165","SE04","GÅRDSJÖN F1","360","PICE ABI",2009-09-01,"169067",2009,"2009_SE04","Sweden",0.25,0.47,4.9,1.05
"166","SE04","GÅRDSJÖN F1","360","PICE ABI",2009-10-01,"169068",2009,"2009_SE04","Sweden",0.04,0.22,4.9,0.89
"167","SE04","GÅRDSJÖN F1","360","PICE ABI",2009-11-01,"169069",2009,"2009_SE04","Sweden",0.13,0.37,5,0.56
"168","SE04","GÅRDSJÖN F1","360","PICE ABI",2009-12-01,"169070",2009,"2009_SE04","Sweden",0.27,0.6,5,0.69
"169","SE04","GÅRDSJÖN F1","360","PICE ABI",2010-01-01,"193243",2010,"2010_SE04","Sweden",0.29,0.65,4.6,0.56
"170","SE04","GÅRDSJÖN F1","360","PICE ABI",2010-02-01,"193244",2010,"2010_SE04","Sweden",0.29,0.61,4.4,0.37
"171","SE04","GÅRDSJÖN F1","360","PICE ABI",2010-03-01,"193245",2010,"2010_SE04","Sweden",0.62,1.28,4.8,0.94
"172","SE04","GÅRDSJÖN F1","360","PICE ABI",2010-04-01,"193246",2010,"2010_SE04","Sweden",0.83,1.2,4.9,1.21
"173","SE04","GÅRDSJÖN F1","360","PICE ABI",2010-05-01,"193247",2010,"2010_SE04","Sweden",0.78,0.66,5.6,0.88
"174","SE04","GÅRDSJÖN F1","360","PICE ABI",2010-06-01,"193248",2010,"2010_SE04","Sweden",0.02,0.01,5.2,0.6
"175","SE04","GÅRDSJÖN F1","360","PICE ABI",2010-07-01,"193249",2010,"2010_SE04","Sweden",0.04,0.32,4.1,0.62
"176","SE04","GÅRDSJÖN F1","360","PICE ABI",2010-08-01,"193250",2010,"2010_SE04","Sweden",0.32,0.26,5.2,0.62
"177","SE04","GÅRDSJÖN F1","360","PICE ABI",2010-09-01,"193251",2010,"2010_SE04","Sweden",0.14,0.27,5.3,0.56
"178","SE04","GÅRDSJÖN F1","360","PICE ABI",2010-10-01,"193252",2010,"2010_SE04","Sweden",0.04,0.33,5.4,0.5
"179","SE04","GÅRDSJÖN F1","360","PICE ABI",2010-11-01,"193253",2010,"2010_SE04","Sweden",0.06,0.28,4.9,0.52
"180","SE04","GÅRDSJÖN F1","360","PICE ABI",2010-12-01,"193254",2010,"2010_SE04","Sweden",0.21,0.73,4.7,0.51
"181","SE04","GÅRDSJÖN F1","360","PICE ABI",2011-01-01,"193255",2011,"2011_SE04","Sweden",0.24,0.76,4.88,0.67
"182","SE04","GÅRDSJÖN F1","360","PICE ABI",2011-02-01,"193256",2011,"2011_SE04","Sweden",0.29,0.79,4.88,1.2
"183","SE04","GÅRDSJÖN F1","360","PICE ABI",2011-03-01,"193257",2011,"2011_SE04","Sweden",1.3,1.61,5.04,1.74
"184","SE04","GÅRDSJÖN F1","360","PICE ABI",2011-04-01,"193258",2011,"2011_SE04","Sweden",0.8,0.89,5.27,0.73
"185","SE04","GÅRDSJÖN F1","360","PICE ABI",2011-05-01,"193259",2011,"2011_SE04","Sweden",0.55,0.97,5.14,0.86
"186","SE04","GÅRDSJÖN F1","360","PICE ABI",2011-06-01,"193260",2011,"2011_SE04","Sweden",0.64,0.24,4.84,0.57
"187","SE04","GÅRDSJÖN F1","360","PICE ABI",2011-07-01,"193261",2011,"2011_SE04","Sweden",0.15,0.27,5.14,0.44
"188","SE04","GÅRDSJÖN F1","360","PICE ABI",2011-08-01,"193262",2011,"2011_SE04","Sweden",0.12,0.17,5.17,0.3
"189","SE04","GÅRDSJÖN F1","360","PICE ABI",2011-09-01,"193263",2011,"2011_SE04","Sweden",0.17,0.42,5.09,1.04
"190","SE04","GÅRDSJÖN F1","360","PICE ABI",2011-10-01,"193264",2011,"2011_SE04","Sweden",0.2,0.61,5.16,1.09
"191","SE04","GÅRDSJÖN F1","360","PICE ABI",2011-11-01,"193265",2011,"2011_SE04","Sweden",0.52,1.07,4.7,2.56
"192","SE04","GÅRDSJÖN F1","360","PICE ABI",2011-12-01,"193266",2011,"2011_SE04","Sweden",0.2,0.48,4.68,3.03
"193","SE04","GÅRDSJÖN F1","360","PICE ABI",2012-01-01,"217224",2012,"2012_SE04","Sweden",0.13,0.47,4.87,1.15
"194","SE04","GÅRDSJÖN F1","360","PICE ABI",2012-02-01,"217225",2012,"2012_SE04","Sweden",0.17,0.92,4.88,0.94
"195","SE04","GÅRDSJÖN F1","360","PICE ABI",2012-03-01,"217226",2012,"2012_SE04","Sweden",2.53,7.5,4.56,6.23
"196","SE04","GÅRDSJÖN F1","360","PICE ABI",2012-04-01,"217227",2012,"2012_SE04","Sweden",0.46,0.72,5.25,0.64
"197","SE04","GÅRDSJÖN F1","360","PICE ABI",2012-05-01,"217228",2012,"2012_SE04","Sweden",0.31,0.79,5.06,0.6
"198","SE04","GÅRDSJÖN F1","360","PICE ABI",2012-06-01,"217229",2012,"2012_SE04","Sweden",0.19,0.39,5.19,0.51
"199","SE04","GÅRDSJÖN F1","360","PICE ABI",2012-07-01,"217230",2012,"2012_SE04","Sweden",0.16,0.44,5.14,0.46
"200","SE04","GÅRDSJÖN F1","360","PICE ABI",2012-08-01,"217231",2012,"2012_SE04","Sweden",0.13,0.16,5.5,0.36
"201","SE04","GÅRDSJÖN F1","360","PICE ABI",2012-09-01,"217232",2012,"2012_SE04","Sweden",0.09,0.21,5.15,0.72
"202","SE04","GÅRDSJÖN F1","360","PICE ABI",2012-10-01,"217233",2012,"2012_SE04","Sweden",0.07,0.27,5.39,0.26
"203","SE04","GÅRDSJÖN F1","360","PICE ABI",2012-11-01,"217234",2012,"2012_SE04","Sweden",0.19,0.58,4.98,0.53
"204","SE04","GÅRDSJÖN F1","360","PICE ABI",2012-12-01,"217235",2012,"2012_SE04","Sweden",0.13,0.6,4.86,0.64
"205","SE04","GÅRDSJÖN F1","360","PICE ABI",2013-01-01,"226012",2013,"2013_SE04","Sweden",0.08,0.38,5.04,0.39
"206","SE04","GÅRDSJÖN F1","360","PICE ABI",2013-02-01,"226013",2013,"2013_SE04","Sweden",0.3,0.8,4.65,1.29
"207","SE04","GÅRDSJÖN F1","360","PICE ABI",2013-04-01,"226015",2013,"2013_SE04","Sweden",1.83,2.38,4.91,1.71
"208","SE04","GÅRDSJÖN F1","360","PICE ABI",2013-05-01,"226016",2013,"2013_SE04","Sweden",1.12,1.04,5.54,0.76
"209","SE04","GÅRDSJÖN F1","360","PICE ABI",2013-06-01,"226017",2013,"2013_SE04","Sweden",0.79,0.5,5.78,0.33
"210","SE04","GÅRDSJÖN F1","360","PICE ABI",2013-07-01,"226018",2013,"2013_SE04","Sweden",0.42,0.47,5.47,0.51
"211","SE04","GÅRDSJÖN F1","360","PICE ABI",2013-08-01,"226019",2013,"2013_SE04","Sweden",0.56,0.55,5.61,0.59
"212","SE04","GÅRDSJÖN F1","360","PICE ABI",2013-09-01,"226020",2013,"2013_SE04","Sweden",0.46,0.5,5.56,0.69
"213","SE04","GÅRDSJÖN F1","360","PICE ABI",2013-10-01,"226021",2013,"2013_SE04","Sweden",0.11,0.33,5.36,0.52
"214","SE04","GÅRDSJÖN F1","360","PICE ABI",2013-11-01,"226022",2013,"2013_SE04","Sweden",0.06,0.29,5.1,0.83
"215","SE04","GÅRDSJÖN F1","360","PICE ABI",2013-12-01,"226023",2013,"2013_SE04","Sweden",0.13,0.5,5.07,0.88
"216","SE04","GÅRDSJÖN F1","360","PICE ABI",2014-01-01,"262708",2014,"2014_SE04","Sweden",0.19,0.59,4.73,0.66
"217","SE04","GÅRDSJÖN F1","360","PICE ABI",2014-02-01,"262709",2014,"2014_SE04","Sweden",0.38,0.78,5.52,0.71
"218","SE04","GÅRDSJÖN F1","360","PICE ABI",2014-03-01,"262710",2014,"2014_SE04","Sweden",1.02,0.96,5.31,1.3
"219","SE04","GÅRDSJÖN F1","360","PICE ABI",2014-04-01,"262711",2014,"2014_SE04","Sweden",0.71,0.79,5.35,0.7
"220","SE04","GÅRDSJÖN F1","360","PICE ABI",2014-05-01,"262712",2014,"2014_SE04","Sweden",0.41,0.59,5.69,0.34
"221","SE04","GÅRDSJÖN F1","360","PICE ABI",2014-06-01,"262713",2014,"2014_SE04","Sweden",0.11,0.41,5.17,0.24
"222","SE04","GÅRDSJÖN F1","360","PICE ABI",2014-07-01,"262714",2014,"2014_SE04","Sweden",0.49,0.47,5.75,0.39
"223","SE04","GÅRDSJÖN F1","360","PICE ABI",2014-08-01,"262715",2014,"2014_SE04","Sweden",0.11,0.1,5.25,0.32
"224","SE04","GÅRDSJÖN F1","360","PICE ABI",2014-09-01,"262716",2014,"2014_SE04","Sweden",0.14,0.21,5.14,0.67
"225","SE04","GÅRDSJÖN F1","360","PICE ABI",2014-10-01,"262717",2014,"2014_SE04","Sweden",0.61,0.38,6.07,0.9
"226","SE04","GÅRDSJÖN F1","360","PICE ABI",2014-11-01,"262718",2014,"2014_SE04","Sweden",0.5,0.78,4.78,0.99
"227","SE04","GÅRDSJÖN F1","360","PICE ABI",2014-12-01,"262719",2014,"2014_SE04","Sweden",0.11,0.34,4.81,0.91
"228","SE04","GÅRDSJÖN F1","360","PICE ABI",2015-01-01,"263012",2015,"2015_SE04","Sweden",0.02,0.32,4.78,1.85
"229","SE04","GÅRDSJÖN F1","360","PICE ABI",2015-02-01,"263013",2015,"2015_SE04","Sweden",0.57,1.45,4.67,1.17
"230","SE04","GÅRDSJÖN F1","360","PICE ABI",2015-03-01,"263014",2015,"2015_SE04","Sweden",1.44,1.72,4.89,1.48
"231","SE04","GÅRDSJÖN F1","360","PICE ABI",2015-04-01,"263015",2015,"2015_SE04","Sweden",0.6,0.85,5.08,0.69
"232","SE04","GÅRDSJÖN F1","360","PICE ABI",2015-05-01,"263016",2015,"2015_SE04","Sweden",0.37,0.42,5.64,0.63
"233","SE04","GÅRDSJÖN F1","360","PICE ABI",2015-06-01,"263017",2015,"2015_SE04","Sweden",0.21,0.3,5.74,0.72
"234","SE04","GÅRDSJÖN F1","360","PICE ABI",2015-07-01,"263018",2015,"2015_SE04","Sweden",0.12,0.21,5.44,0.43
"235","SE04","GÅRDSJÖN F1","360","PICE ABI",2015-08-01,"263019",2015,"2015_SE04","Sweden",0.17,0.19,5.4,0.26
"236","SE04","GÅRDSJÖN F1","360","PICE ABI",2015-09-01,"263020",2015,"2015_SE04","Sweden",0.14,0.18,5.26,0.32
"237","SE04","GÅRDSJÖN F1","360","PICE ABI",2015-10-01,"263021",2015,"2015_SE04","Sweden",0.29,0.87,5.32,1.33
"238","SE04","GÅRDSJÖN F1","360","PICE ABI",2015-11-01,"263022",2015,"2015_SE04","Sweden",0.14,0.32,5.02,0.57
"239","SE04","GÅRDSJÖN F1","360","PICE ABI",2015-12-01,"263023",2015,"2015_SE04","Sweden",0.15,0.41,4.965,1.48
"240","SE04","GÅRDSJÖN F1","360","PICE ABI",2016-01-01,"272001",2016,"2016_SE04","Sweden",0.23,0.76,4.74,0.73
"241","SE04","GÅRDSJÖN F1","360","PICE ABI",2016-02-01,"272002",2016,"2016_SE04","Sweden",0.17,0.48,4.83,1.38
"242","SE04","GÅRDSJÖN F1","360","PICE ABI",2016-03-01,"272003",2016,"2016_SE04","Sweden",0.31,0.58,5.07,0.33
"243","SE04","GÅRDSJÖN F1","360","PICE ABI",2016-04-01,"272004",2016,"2016_SE04","Sweden",0.43,0.63,5.19,0.43
"244","SE04","GÅRDSJÖN F1","360","PICE ABI",2016-05-01,"272005",2016,"2016_SE04","Sweden",1.62,1.93,5.7,0.89
"245","SE04","GÅRDSJÖN F1","360","PICE ABI",2016-06-01,"272006",2016,"2016_SE04","Sweden",0.41,0.42,5.6,0.31
"246","SE04","GÅRDSJÖN F1","360","PICE ABI",2016-07-01,"272007",2016,"2016_SE04","Sweden",0.39,0.24,5.5,0.36
"247","SE04","GÅRDSJÖN F1","360","PICE ABI",2016-08-01,"272008",2016,"2016_SE04","Sweden",0.2,0.21,5.08,0.83
"248","SE04","GÅRDSJÖN F1","360","PICE ABI",2016-09-01,"272009",2016,"2016_SE04","Sweden",0.35,0.65,5.22,0.76
"249","SE04","GÅRDSJÖN F1","360","PICE ABI",2016-10-01,"272010",2016,"2016_SE04","Sweden",0.12,0.35,5.2,0.85
"250","SE04","GÅRDSJÖN F1","360","PICE ABI",2016-11-01,"272011",2016,"2016_SE04","Sweden",0.09,0.27,5.14,0.36
"251","SE04","GÅRDSJÖN F1","360","PICE ABI",2016-12-01,"272012",2016,"2016_SE04","Sweden",0.32,1.18,4.79,2.53
"252","SE14","ANEBODA","839","PICE ABI",1999-01-01,"136142",1999,"1999_SE14","Sweden",0.06,0.27,4.55,1.13
"253","SE14","ANEBODA","839","PICE ABI",1999-02-01,"136143",1999,"1999_SE14","Sweden",0.05,0.23,4.59,0.76
"254","SE14","ANEBODA","839","PICE ABI",1999-03-01,"136144",1999,"1999_SE14","Sweden",0.31,0.57,4.43,1.47
"255","SE14","ANEBODA","839","PICE ABI",1999-04-01,"136145",1999,"1999_SE14","Sweden",0.05,0.18,4.75,0.76
"256","SE14","ANEBODA","839","PICE ABI",1999-05-01,"136146",1999,"1999_SE14","Sweden",0.1,0.18,5.2,0.51
"257","SE14","ANEBODA","839","PICE ABI",1999-06-01,"136147",1999,"1999_SE14","Sweden",0.21,0.14,5.12,0.45
"258","SE14","ANEBODA","839","PICE ABI",1999-07-01,"136148",1999,"1999_SE14","Sweden",1.03,0.39,6.12,0.77
"259","SE14","ANEBODA","839","PICE ABI",1999-08-01,"136149",1999,"1999_SE14","Sweden",0.36,0.19,5.17,0.44
"260","SE14","ANEBODA","839","PICE ABI",1999-09-01,"136150",1999,"1999_SE14","Sweden",0.03,0.18,4.89,0.51
"261","SE14","ANEBODA","839","PICE ABI",1999-10-01,"136151",1999,"1999_SE14","Sweden",0.01,0.24,5,0.96
"262","SE14","ANEBODA","839","PICE ABI",1999-11-01,"136152",1999,"1999_SE14","Sweden",0.07,0.68,4.96,2.16
"263","SE14","ANEBODA","839","PICE ABI",1999-12-01,"136153",1999,"1999_SE14","Sweden",0.01,0.2,4.84,0.85
"264","SE14","ANEBODA","839","PICE ABI",2000-01-01,"136154",2000,"2000_SE14","Sweden",0.01,0.26,4.62,1.04
"265","SE14","ANEBODA","839","PICE ABI",2000-02-01,"136155",2000,"2000_SE14","Sweden",0.06,0.31,4.6,0.75
"266","SE14","ANEBODA","839","PICE ABI",2000-03-01,"136156",2000,"2000_SE14","Sweden",0.01,0.13,4.83,0.78
"267","SE14","ANEBODA","839","PICE ABI",2000-04-01,"136157",2000,"2000_SE14","Sweden",0.38,0.38,4.75,0.91
"268","SE14","ANEBODA","839","PICE ABI",2000-05-01,"136158",2000,"2000_SE14","Sweden",0.02,0.14,5.27,0.92
"269","SE14","ANEBODA","839","PICE ABI",2000-06-01,"136159",2000,"2000_SE14","Sweden",0.01,0,4.86,0.72
"270","SE14","ANEBODA","839","PICE ABI",2000-07-01,"136160",2000,"2000_SE14","Sweden",0.32,0.06,5.25,0.5
"271","SE14","ANEBODA","839","PICE ABI",2000-08-01,"136161",2000,"2000_SE14","Sweden",0.37,0.22,5.12,0.54
"272","SE14","ANEBODA","839","PICE ABI",2000-09-01,"136162",2000,"2000_SE14","Sweden",0.32,0.21,5.39,1.1
"273","SE14","ANEBODA","839","PICE ABI",2000-10-01,"136163",2000,"2000_SE14","Sweden",0.1,0.19,4.87,1.19
"274","SE14","ANEBODA","839","PICE ABI",2000-11-01,"136164",2000,"2000_SE14","Sweden",0.23,0.51,4.5,1.19
"275","SE14","ANEBODA","839","PICE ABI",2000-12-01,"136165",2000,"2000_SE14","Sweden",0.1,0.23,4.68,0.71
"276","SE14","ANEBODA","839","PICE ABI",2001-01-01,"136138",2001,"2001_SE14","Sweden",0.27,0.59,4.49,1.66
"277","SE14","ANEBODA","839","PICE ABI",2001-02-01,"136139",2001,"2001_SE14","Sweden",0.06,0.4,4.69,1.06
"278","SE14","ANEBODA","839","PICE ABI",2001-03-01,"136140",2001,"2001_SE14","Sweden",0.89,0.58,4.55,1.41
"279","SE14","ANEBODA","839","PICE ABI",2001-04-01,"136141",2001,"2001_SE14","Sweden",0.24,0.42,4.96,1.06
"280","SE14","ANEBODA","839","PICE ABI",2001-05-01,"136166",2001,"2001_SE14","Sweden",0.12,0.21,5.22,0.54
"281","SE14","ANEBODA","839","PICE ABI",2001-06-01,"136167",2001,"2001_SE14","Sweden",0.03,0.002,4.89,0.48
"282","SE14","ANEBODA","839","PICE ABI",2001-07-01,"136168",2001,"2001_SE14","Sweden",0.61,0.18,5.62,0.41
"283","SE14","ANEBODA","839","PICE ABI",2001-08-01,"136169",2001,"2001_SE14","Sweden",0.47,0.25,5.18,0.56
"284","SE14","ANEBODA","839","PICE ABI",2001-09-01,"136170",2001,"2001_SE14","Sweden",0.16,0.15,4.97,0.48
"285","SE14","ANEBODA","839","PICE ABI",2001-10-01,"136171",2001,"2001_SE14","Sweden",0.02,0.16,5.53,0.65
"286","SE14","ANEBODA","839","PICE ABI",2001-11-01,"136172",2001,"2001_SE14","Sweden",NA,0.02,5.13,0.93
"287","SE14","ANEBODA","839","PICE ABI",2001-12-01,"136173",2001,"2001_SE14","Sweden",0.09,0.25,4.77,0.7
"288","SE14","ANEBODA","839","PICE ABI",2002-01-01,"136174",2002,"2002_SE14","Sweden",0.02,0.25,4.71,0.74
"289","SE14","ANEBODA","839","PICE ABI",2002-02-01,"136175",2002,"2002_SE14","Sweden",0.02,0.16,4.78,0.57
"290","SE14","ANEBODA","839","PICE ABI",2002-03-01,"136176",2002,"2002_SE14","Sweden",0.03,0.26,4.76,0.82
"291","SE14","ANEBODA","839","PICE ABI",2002-04-01,"136177",2002,"2002_SE14","Sweden",0.47,1.12,4.89,1.06
"292","SE14","ANEBODA","839","PICE ABI",2002-05-01,"136178",2002,"2002_SE14","Sweden",0.23,0.21,5.48,0.58
"293","SE14","ANEBODA","839","PICE ABI",2002-06-01,"136179",2002,"2002_SE14","Sweden",0.2,0.13,5.44,0.35
"294","SE14","ANEBODA","839","PICE ABI",2002-07-01,"136180",2002,"2002_SE14","Sweden",0.18,0.11,5.34,0.24
"295","SE14","ANEBODA","839","PICE ABI",2002-08-01,"136181",2002,"2002_SE14","Sweden",0.58,0.23,5.58,0.63
"296","SE14","ANEBODA","839","PICE ABI",2002-09-01,"136182",2002,"2002_SE14","Sweden",0.12,0.16,5.75,0.77
"297","SE14","ANEBODA","839","PICE ABI",2002-10-01,"136183",2002,"2002_SE14","Sweden",0.04,0.21,5.13,0.39
"298","SE14","ANEBODA","839","PICE ABI",2002-11-01,"136184",2002,"2002_SE14","Sweden",0.09,0.28,5.19,0.65
"299","SE14","ANEBODA","839","PICE ABI",2002-12-01,"136185",2002,"2002_SE14","Sweden",0.2,0.28,4.75,0.69
"300","SE14","ANEBODA","839","PICE ABI",2003-01-01,"136209",2003,"2003_SE14","Sweden",0.063,0.451,4.63,1.709
"301","SE14","ANEBODA","839","PICE ABI",2003-02-01,"136210",2003,"2003_SE14","Sweden",NA,7.822,4.93,5.8
"302","SE14","ANEBODA","839","PICE ABI",2003-03-01,"136211",2003,"2003_SE14","Sweden",0.02,0.17,4.85,3.469
"303","SE14","ANEBODA","839","PICE ABI",2003-04-01,"136212",2003,"2003_SE14","Sweden",0.182,0.488,4.86,0.718
"304","SE14","ANEBODA","839","PICE ABI",2003-05-01,"136213",2003,"2003_SE14","Sweden",0.557,0.358,5.62,0.619
"305","SE14","ANEBODA","839","PICE ABI",2003-06-01,"136214",2003,"2003_SE14","Sweden",0.02,2.395,5.17,0.599
"306","SE14","ANEBODA","839","PICE ABI",2003-07-01,"136215",2003,"2003_SE14","Sweden",0.425,0.044,5.63,0.204
"307","SE14","ANEBODA","839","PICE ABI",2003-08-01,"136216",2003,"2003_SE14","Sweden",0.716,0.205,5.64,0.468
"308","SE14","ANEBODA","839","PICE ABI",2003-09-01,"136217",2003,"2003_SE14","Sweden",0.524,0.559,5.79,0.788
"309","SE14","ANEBODA","839","PICE ABI",2003-10-01,"136218",2003,"2003_SE14","Sweden",0.02,0.096,5.72,1.026
"310","SE14","ANEBODA","839","PICE ABI",2003-11-01,"136219",2003,"2003_SE14","Sweden",0.055,0.273,4.91,0.714
"311","SE14","ANEBODA","839","PICE ABI",2003-12-01,"136220",2003,"2003_SE14","Sweden",0.02,0.268,4.88,0.74
"312","SE14","ANEBODA","839","PICE ABI",2004-01-01,"136222",2004,"2004_SE14","Sweden",0.216,0.524,4.55,0.562
"313","SE14","ANEBODA","839","PICE ABI",2004-02-01,"136223",2004,"2004_SE14","Sweden",0.078,0.278,4.79,0.562
"314","SE14","ANEBODA","839","PICE ABI",2004-03-01,"136224",2004,"2004_SE14","Sweden",0.01,0.273,5,0.62
"315","SE14","ANEBODA","839","PICE ABI",2004-04-01,"136225",2004,"2004_SE14","Sweden",0.532,0.666,5.15,0.733
"316","SE14","ANEBODA","839","PICE ABI",2004-05-01,"136226",2004,"2004_SE14","Sweden",0.381,0.374,5.31,0.881
"317","SE14","ANEBODA","839","PICE ABI",2004-06-01,"136227",2004,"2004_SE14","Sweden",0.038,1.674,5.02,0.33
"318","SE14","ANEBODA","839","PICE ABI",2004-07-01,"136228",2004,"2004_SE14","Sweden",0.036,0.023,5.2,0.207
"319","SE14","ANEBODA","839","PICE ABI",2004-08-01,"136229",2004,"2004_SE14","Sweden",0.028,0.001,5.23,0.347
"320","SE14","ANEBODA","839","PICE ABI",2004-09-01,"136230",2004,"2004_SE14","Sweden",0.396,0.118,5.86,0.32
"321","SE14","ANEBODA","839","PICE ABI",2004-10-01,"136231",2004,"2004_SE14","Sweden",0.091,0.14,5.36,0.668
"322","SE14","ANEBODA","839","PICE ABI",2004-11-01,"136232",2004,"2004_SE14","Sweden",0.01,0.124,4.93,0.406
"323","SE14","ANEBODA","839","PICE ABI",2004-12-01,"136233",2004,"2004_SE14","Sweden",0.01,0.005,4.88,0.841
"324","SE14","ANEBODA","839","PICE ABI",2005-01-01,"136221",2005,"2005_SE14","Sweden",0.196,0.426,4.77,0.683
"325","SE14","ANEBODA","839","PICE ABI",2005-02-01,"136186",2005,"2005_SE14","Sweden",0.197,0.539,4.63,0.793
"326","SE14","ANEBODA","839","PICE ABI",2005-03-01,"136187",2005,"2005_SE14","Sweden",0.01,0.254,4.71,0.71
"327","SE14","ANEBODA","839","PICE ABI",2005-04-01,"136188",2005,"2005_SE14","Sweden",1.556,1.739,5.11,1.331
"328","SE14","ANEBODA","839","PICE ABI",2005-05-01,"136189",2005,"2005_SE14","Sweden",0.311,0.272,5.74,0.416
"329","SE14","ANEBODA","839","PICE ABI",2005-06-01,"136190",2005,"2005_SE14","Sweden",0.486,0.403,5.51,0.452
"330","SE14","ANEBODA","839","PICE ABI",2005-07-01,"136191",2005,"2005_SE14","Sweden",0.144,0.076,5.48,0.205
"331","SE14","ANEBODA","839","PICE ABI",2005-08-01,"136192",2005,"2005_SE14","Sweden",0.366,0.139,5.66,0.211
"332","SE14","ANEBODA","839","PICE ABI",2005-09-01,"136193",2005,"2005_SE14","Sweden",0.474,0.44,5.39,0.538
"333","SE14","ANEBODA","839","PICE ABI",2005-10-01,"136194",2005,"2005_SE14","Sweden",0.047,0.119,5.19,0.382
"334","SE14","ANEBODA","839","PICE ABI",2005-11-01,"136195",2005,"2005_SE14","Sweden",0.031,0.453,5.01,0.737
"335","SE14","ANEBODA","839","PICE ABI",2005-12-01,"136196",2005,"2005_SE14","Sweden",0.19,0.436,4.58,0.737
"336","SE14","ANEBODA","839","PICE ABI",2006-01-01,"136197",2006,"2006_SE14","Sweden",0.1,0.47,4.6,0.5
"337","SE14","ANEBODA","839","PICE ABI",2006-02-01,"136198",2006,"2006_SE14","Sweden",0.56,0.72,4.3,1.21
"338","SE14","ANEBODA","839","PICE ABI",2006-03-01,"136199",2006,"2006_SE14","Sweden",0.2,0.78,4.6,0.76
"339","SE14","ANEBODA","839","PICE ABI",2006-04-01,"136200",2006,"2006_SE14","Sweden",0.52,0.48,4.9,0.62
"340","SE14","ANEBODA","839","PICE ABI",2006-05-01,"136201",2006,"2006_SE14","Sweden",0.23,0,5.8,0.4
"341","SE14","ANEBODA","839","PICE ABI",2006-06-01,"136202",2006,"2006_SE14","Sweden",0.01,0,4.1,0.62
"342","SE14","ANEBODA","839","PICE ABI",2006-08-01,"136204",2006,"2006_SE14","Sweden",0.27,0.14,5.7,0.25
"343","SE14","ANEBODA","839","PICE ABI",2006-09-01,"136205",2006,"2006_SE14","Sweden",0.18,0.27,6.6,0.34
"344","SE14","ANEBODA","839","PICE ABI",2006-10-01,"136206",2006,"2006_SE14","Sweden",0.1,0.24,5.3,0.36
"345","SE14","ANEBODA","839","PICE ABI",2006-11-01,"136207",2006,"2006_SE14","Sweden",0.05,0.22,5.2,0.33
"346","SE14","ANEBODA","839","PICE ABI",2006-12-01,"136208",2006,"2006_SE14","Sweden",0.1,0.3,4.9,0.46
"347","SE14","ANEBODA","839","PICE ABI",2007-01-01,"136237",2007,"2007_SE14","Sweden",0.01,0.05,5.05,0.43
"348","SE14","ANEBODA","839","PICE ABI",2007-02-01,"136238",2007,"2007_SE14","Sweden",0.29,0.54,4.64,0.46
"349","SE14","ANEBODA","839","PICE ABI",2007-03-01,"136239",2007,"2007_SE14","Sweden",0.01,0.28,4.81,0.64
"350","SE14","ANEBODA","839","PICE ABI",2007-04-01,"136240",2007,"2007_SE14","Sweden",0.24,0.29,5.54,0.51
"351","SE14","ANEBODA","839","PICE ABI",2007-05-01,"136241",2007,"2007_SE14","Sweden",0.33,0.42,4.78,0.43
"352","SE14","ANEBODA","839","PICE ABI",2007-06-01,"136242",2007,"2007_SE14","Sweden",0.13,0.09,5.54,0.23
"353","SE14","ANEBODA","839","PICE ABI",2007-07-01,"136243",2007,"2007_SE14","Sweden",0.03,0,5.46,0.23
"354","SE14","ANEBODA","839","PICE ABI",2007-08-01,"136244",2007,"2007_SE14","Sweden",0.05,0,5.59,0.29
"355","SE14","ANEBODA","839","PICE ABI",2007-09-01,"136245",2007,"2007_SE14","Sweden",0.05,0.05,4.71,0.3
"356","SE14","ANEBODA","839","PICE ABI",2007-10-01,"136234",2007,"2007_SE14","Sweden",0.01,1.76,5.76,0.37
"357","SE14","ANEBODA","839","PICE ABI",2007-11-01,"136235",2007,"2007_SE14","Sweden",0.06,0.29,5.02,0.46
"358","SE14","ANEBODA","839","PICE ABI",2007-12-01,"136236",2007,"2007_SE14","Sweden",0.24,0.43,4.85,0.55
"359","SE14","ANEBODA","839","PICE ABI",2008-01-01,"168916",2008,"2008_SE14","Sweden",0.126,0.369,4.75,0.513
"360","SE14","ANEBODA","839","PICE ABI",2008-02-01,"168917",2008,"2008_SE14","Sweden",0.086,0.363,4.79,0.538
"361","SE14","ANEBODA","839","PICE ABI",2008-03-01,"168918",2008,"2008_SE14","Sweden",0.144,0.323,4.96,0.262
"362","SE14","ANEBODA","839","PICE ABI",2008-04-01,"168919",2008,"2008_SE14","Sweden",1.013,0.898,4.62,0.971
"363","SE14","ANEBODA","839","PICE ABI",2008-05-01,"168920",2008,"2008_SE14","Sweden",0.28,0.326,5.69,0.602
"364","SE14","ANEBODA","839","PICE ABI",2008-06-01,"168921",2008,"2008_SE14","Sweden",0.01,0.001,5.19,0.389
"365","SE14","ANEBODA","839","PICE ABI",2008-07-01,"168922",2008,"2008_SE14","Sweden",0.015,0.058,5.76,0.297
"366","SE14","ANEBODA","839","PICE ABI",2008-08-01,"168923",2008,"2008_SE14","Sweden",0.112,0.012,5.49,0.153
"367","SE14","ANEBODA","839","PICE ABI",2008-09-01,"168924",2008,"2008_SE14","Sweden",0.14,0.225,5.51,0.386
"368","SE14","ANEBODA","839","PICE ABI",2008-10-01,"168925",2008,"2008_SE14","Sweden",0.012,0.001,5.6,0.249
"369","SE14","ANEBODA","839","PICE ABI",2008-11-01,"168926",2008,"2008_SE14","Sweden",0.137,0.25,4.98,0.4
"370","SE14","ANEBODA","839","PICE ABI",2008-12-01,"168927",2008,"2008_SE14","Sweden",0.127,0.307,4.93,0.479
"371","SE14","ANEBODA","839","PICE ABI",2009-01-01,"169071",2009,"2009_SE14","Sweden",0.18,0.66,4.7,0.88
"372","SE14","ANEBODA","839","PICE ABI",2009-02-01,"169072",2009,"2009_SE14","Sweden",0.21,0.43,4.7,0.42
"373","SE14","ANEBODA","839","PICE ABI",2009-03-01,"169073",2009,"2009_SE14","Sweden",0.06,0.29,5,0.41
"374","SE14","ANEBODA","839","PICE ABI",2009-04-01,"169074",2009,"2009_SE14","Sweden",0.11,0.46,5.2,0.51
"375","SE14","ANEBODA","839","PICE ABI",2009-05-01,"169075",2009,"2009_SE14","Sweden",0.57,0.18,5.9,0.3
"376","SE14","ANEBODA","839","PICE ABI",2009-06-01,"169076",2009,"2009_SE14","Sweden",0.24,0.13,5.7,0.22
"377","SE14","ANEBODA","839","PICE ABI",2009-07-01,"169077",2009,"2009_SE14","Sweden",0.43,0.16,5.6,0.35
"378","SE14","ANEBODA","839","PICE ABI",2009-08-01,"169078",2009,"2009_SE14","Sweden",0.29,0.19,5.7,0.33
"379","SE14","ANEBODA","839","PICE ABI",2009-09-01,"169079",2009,"2009_SE14","Sweden",0.02,0.08,5.1,0.24
"380","SE14","ANEBODA","839","PICE ABI",2009-10-01,"169080",2009,"2009_SE14","Sweden",0.02,0.01,5.4,0.36
"381","SE14","ANEBODA","839","PICE ABI",2009-11-01,"169081",2009,"2009_SE14","Sweden",0.12,0.28,5.1,0.37
"382","SE14","ANEBODA","839","PICE ABI",2009-12-01,"169082",2009,"2009_SE14","Sweden",0.21,0.38,4.9,0.56
"383","SE14","ANEBODA","839","PICE ABI",2010-01-01,"193267",2010,"2010_SE14","Sweden",0.25,0.51,4.5,0.34
"384","SE14","ANEBODA","839","PICE ABI",2010-02-01,"193268",2010,"2010_SE14","Sweden",0.27,0.59,4.5,0.48
"385","SE14","ANEBODA","839","PICE ABI",2010-03-01,"193269",2010,"2010_SE14","Sweden",0.45,0.64,4.9,0.59
"386","SE14","ANEBODA","839","PICE ABI",2010-04-01,"193270",2010,"2010_SE14","Sweden",0.76,0.68,5.3,0.56
"387","SE14","ANEBODA","839","PICE ABI",2010-05-01,"193271",2010,"2010_SE14","Sweden",0.74,0.25,6,0.63
"388","SE14","ANEBODA","839","PICE ABI",2010-06-01,"193272",2010,"2010_SE14","Sweden",0.33,0.22,5.6,0.34
"389","SE14","ANEBODA","839","PICE ABI",2010-07-01,"193273",2010,"2010_SE14","Sweden",0.02,0.08,5.1,0.21
"390","SE14","ANEBODA","839","PICE ABI",2010-08-01,"193274",2010,"2010_SE14","Sweden",0.2,0.13,5.3,0.21
"391","SE14","ANEBODA","839","PICE ABI",2010-09-01,"193275",2010,"2010_SE14","Sweden",0.09,0.08,5.4,0.17
"392","SE14","ANEBODA","839","PICE ABI",2010-10-01,"193276",2010,"2010_SE14","Sweden",0.01,0.01,5.8,0.3
"393","SE14","ANEBODA","839","PICE ABI",2010-11-01,"193277",2010,"2010_SE14","Sweden",0.01,0.11,5.5,0.19
"394","SE14","ANEBODA","839","PICE ABI",2010-12-01,"193278",2010,"2010_SE14","Sweden",0.14,0.42,4.7,0.28
"395","SE14","ANEBODA","839","PICE ABI",2011-01-01,"193279",2011,"2011_SE14","Sweden",0.15,0.32,4.8,0.22
"396","SE14","ANEBODA","839","PICE ABI",2011-02-01,"193280",2011,"2011_SE14","Sweden",0.16,0.32,4.8,0.38
"397","SE14","ANEBODA","839","PICE ABI",2011-03-01,"193281",2011,"2011_SE14","Sweden",0.43,0.46,5.5,0.58
"398","SE14","ANEBODA","839","PICE ABI",2011-04-01,"193282",2011,"2011_SE14","Sweden",0.95,0.87,5.6,0.61
"399","SE14","ANEBODA","839","PICE ABI",2011-05-01,"193283",2011,"2011_SE14","Sweden",0.59,0.44,6,0.45
"400","SE14","ANEBODA","839","PICE ABI",2011-06-01,"193284",2011,"2011_SE14","Sweden",0.21,0.12,5.7,0.27
"401","SE14","ANEBODA","839","PICE ABI",2011-08-01,"193286",2011,"2011_SE14","Sweden",0.18,0.13,5.8,0.27
"402","SE14","ANEBODA","839","PICE ABI",2011-09-01,"193287",2011,"2011_SE14","Sweden",0.17,0.07,5.7,0.21
"403","SE14","ANEBODA","839","PICE ABI",2011-10-01,"193288",2011,"2011_SE14","Sweden",0.03,0.01,6,0.3
"404","SE14","ANEBODA","839","PICE ABI",2011-11-01,"193289",2011,"2011_SE14","Sweden",0.09,0.28,4.7,1.14
"405","SE14","ANEBODA","839","PICE ABI",2012-01-01,"217236",2012,"2012_SE14","Sweden",0.06,0.15,5.3,0.14
"406","SE14","ANEBODA","839","PICE ABI",2012-02-01,"217237",2012,"2012_SE14","Sweden",0.04,0.19,5,0.24
"407","SE14","ANEBODA","839","PICE ABI",2012-03-01,"217238",2012,"2012_SE14","Sweden",0.08,0.46,4.9,0.5
"408","SE14","ANEBODA","839","PICE ABI",2012-04-01,"217239",2012,"2012_SE14","Sweden",0.55,0.44,5.4,0.29
"409","SE14","ANEBODA","839","PICE ABI",2012-05-01,"217240",2012,"2012_SE14","Sweden",0.26,0.28,5.9,0.3
"410","SE14","ANEBODA","839","PICE ABI",2012-06-01,"217241",2012,"2012_SE14","Sweden",0.19,0.16,5.4,0.21
"411","SE14","ANEBODA","839","PICE ABI",2012-07-01,"217242",2012,"2012_SE14","Sweden",0.21,0.12,5.6,0.15
"412","SE14","ANEBODA","839","PICE ABI",2012-08-01,"217243",2012,"2012_SE14","Sweden",0.36,0.18,6.2,0.22
"413","SE14","ANEBODA","839","PICE ABI",2012-09-01,"217244",2012,"2012_SE14","Sweden",0.06,0.15,5.1,0.18
"414","SE14","ANEBODA","839","PICE ABI",2012-10-01,"217245",2012,"2012_SE14","Sweden",0.01,0.09,5.8,0.19
"415","SE14","ANEBODA","839","PICE ABI",2012-11-01,"217246",2012,"2012_SE14","Sweden",0.19,0.37,5,0.33
"416","SE14","ANEBODA","839","PICE ABI",2012-12-01,"217247",2012,"2012_SE14","Sweden",0.1,0.28,4.8,0.34
"417","SE14","ANEBODA","839","PICE ABI",2013-01-01,"226024",2013,"2013_SE14","Sweden",0.12,0.31,4.8,0.21
"418","SE14","ANEBODA","839","PICE ABI",2013-02-01,"226025",2013,"2013_SE14","Sweden",0.18,0.31,4.7,0.39
"419","SE14","ANEBODA","839","PICE ABI",2013-03-01,"226026",2013,"2013_SE14","Sweden",0.02,0.36,4.9,0.39
"420","SE14","ANEBODA","839","PICE ABI",2013-04-01,"226027",2013,"2013_SE14","Sweden",1.17,0.73,6,0.65
"421","SE14","ANEBODA","839","PICE ABI",2013-05-01,"226028",2013,"2013_SE14","Sweden",0.45,0.33,5.9,0.32
"422","SE14","ANEBODA","839","PICE ABI",2013-06-01,"226029",2013,"2013_SE14","Sweden",0.43,0.27,5.8,0.26
"423","SE14","ANEBODA","839","PICE ABI",2013-07-01,"226030",2013,"2013_SE14","Sweden",0.76,0.26,6,0.29
"424","SE14","ANEBODA","839","PICE ABI",2013-08-01,"226031",2013,"2013_SE14","Sweden",0.28,0.18,5.8,0.2
"425","SE14","ANEBODA","839","PICE ABI",2013-09-01,"226032",2013,"2013_SE14","Sweden",0.18,0.22,5.5,0.24
"426","SE14","ANEBODA","839","PICE ABI",2013-10-01,"226033",2013,"2013_SE14","Sweden",0.17,0,5.8,0.22
"427","SE14","ANEBODA","839","PICE ABI",2013-11-01,"226034",2013,"2013_SE14","Sweden",0.13,0.29,4.8,0.25
"428","SE14","ANEBODA","839","PICE ABI",2013-12-01,"226035",2013,"2013_SE14","Sweden",0.16,0.32,4.8,0.3
"429","SE14","ANEBODA","839","PICE ABI",2014-01-01,"262720",2014,"2014_SE14","Sweden",0.11,0.24,4.93,0.23
"430","SE14","ANEBODA","839","PICE ABI",2014-02-01,"262721",2014,"2014_SE14","Sweden",0.31,0.49,4.6,0.59
"431","SE14","ANEBODA","839","PICE ABI",2014-03-01,"262722",2014,"2014_SE14","Sweden",0.42,0.52,4.9,0.71
"432","SE14","ANEBODA","839","PICE ABI",2014-04-01,"262723",2014,"2014_SE14","Sweden",0.55,0.39,5.4,0.3
"433","SE14","ANEBODA","839","PICE ABI",2014-05-01,"262724",2014,"2014_SE14","Sweden",0.41,0.23,5.8,0.25
"434","SE14","ANEBODA","839","PICE ABI",2014-06-01,"262725",2014,"2014_SE14","Sweden",0.02,0,5.3,0.26
"435","SE14","ANEBODA","839","PICE ABI",2014-07-01,"262726",2014,"2014_SE14","Sweden",0.25,0.24,5.9,0.27
"436","SE14","ANEBODA","839","PICE ABI",2014-08-01,"262727",2014,"2014_SE14","Sweden",0.29,0.15,5.7,0.27
"437","SE14","ANEBODA","839","PICE ABI",2014-09-01,"262728",2014,"2014_SE14","Sweden",0.35,0.12,6,0.39
"438","SE14","ANEBODA","839","PICE ABI",2014-10-01,"262729",2014,"2014_SE14","Sweden",0.19,0.25,5.4,0.7
"439","SE14","ANEBODA","839","PICE ABI",2014-11-01,"262730",2014,"2014_SE14","Sweden",0.41,0.45,5.1,0.82
"440","SE14","ANEBODA","839","PICE ABI",2014-12-01,"262731",2014,"2014_SE14","Sweden",0.08,0.22,5,0.47
"441","SE14","ANEBODA","839","PICE ABI",2015-01-01,"262768",2015,"2015_SE14","Sweden",0.04,0.15,5,0.53
"442","SE14","ANEBODA","839","PICE ABI",2015-02-01,"262769",2015,"2015_SE14","Sweden",0.34,0.46,4.9,0.36
"443","SE14","ANEBODA","839","PICE ABI",2015-03-01,"262770",2015,"2015_SE14","Sweden",0.25,0.39,5,0.27
"444","SE14","ANEBODA","839","PICE ABI",2015-04-01,"262771",2015,"2015_SE14","Sweden",0.43,0.34,5.5,0.32
"445","SE14","ANEBODA","839","PICE ABI",2015-05-01,"262772",2015,"2015_SE14","Sweden",0.41,0.38,5.7,0.29
"446","SE14","ANEBODA","839","PICE ABI",2015-06-01,"262773",2015,"2015_SE14","Sweden",0.72,0.25,6.3,0.3
"447","SE14","ANEBODA","839","PICE ABI",2015-07-01,"262774",2015,"2015_SE14","Sweden",0.39,0.24,5.9,0.23
"448","SE14","ANEBODA","839","PICE ABI",2015-08-01,"262775",2015,"2015_SE14","Sweden",0.56,0.3,6.1,0.37
"449","SE14","ANEBODA","839","PICE ABI",2015-09-01,"262776",2015,"2015_SE14","Sweden",0.35,0.3,6,0.34
"450","SE14","ANEBODA","839","PICE ABI",2015-10-01,"262777",2015,"2015_SE14","Sweden",0.06,0,6.1,0.34
"451","SE14","ANEBODA","839","PICE ABI",2015-11-01,"262778",2015,"2015_SE14","Sweden",0.02,0.03,5.9,0.14
"452","SE14","ANEBODA","839","PICE ABI",2015-12-01,"262779",2015,"2015_SE14","Sweden",0.12,0.27,5.1,0.32
"453","SE14","ANEBODA","839","PICE ABI",2016-01-01,"272013",2016,"2016_SE14","Sweden",0.22,0.51,4.6,0.48
"454","SE14","ANEBODA","839","PICE ABI",2016-02-01,"272014",2016,"2016_SE14","Sweden",0.16,0.25,5.1,0.26
"455","SE14","ANEBODA","839","PICE ABI",2016-03-01,"272015",2016,"2016_SE14","Sweden",0.5,0.55,4.9,0.33
"456","SE14","ANEBODA","839","PICE ABI",2016-04-01,"272016",2016,"2016_SE14","Sweden",0.66,0.45,6.1,0.37
"457","SE14","ANEBODA","839","PICE ABI",2016-05-01,"272017",2016,"2016_SE14","Sweden",0.66,0.37,6,0.27
"458","SE14","ANEBODA","839","PICE ABI",2016-06-01,"272018",2016,"2016_SE14","Sweden",0.09,0,5.5,0.35
"459","SE14","ANEBODA","839","PICE ABI",2016-07-01,"272019",2016,"2016_SE14","Sweden",0.58,0.21,6,0.2
"460","SE14","ANEBODA","839","PICE ABI",2016-08-01,"272020",2016,"2016_SE14","Sweden",0.31,0.17,6,0.2
"461","SE14","ANEBODA","839","PICE ABI",2016-09-01,"272021",2016,"2016_SE14","Sweden",0.05,0.25,6.2,0.22
"462","SE14","ANEBODA","839","PICE ABI",2016-10-01,"272022",2016,"2016_SE14","Sweden",0.02,0.11,6,0.29
"463","SE14","ANEBODA","839","PICE ABI",2016-11-01,"272023",2016,"2016_SE14","Sweden",0.02,0.09,6.2,0.13
"464","SE14","ANEBODA","839","PICE ABI",2016-12-01,"272024",2016,"2016_SE14","Sweden",0.26,0.44,4.9,0.28
"465","SE15","KINDLA","830","PICE ABI",1999-01-01,"136697",1999,"1999_SE15","Sweden",0.1,0.31,4.66,0.72
"466","SE15","KINDLA","830","PICE ABI",1999-02-01,"136698",1999,"1999_SE15","Sweden",0.16,0.33,4.61,0.63
"467","SE15","KINDLA","830","PICE ABI",1999-03-01,"136699",1999,"1999_SE15","Sweden",0.28,0.48,4.34,1.44
"468","SE15","KINDLA","830","PICE ABI",1999-04-01,"136700",1999,"1999_SE15","Sweden",0.01,0.05,4.9,0.55
"469","SE15","KINDLA","830","PICE ABI",1999-05-01,"136701",1999,"1999_SE15","Sweden",0.07,0.25,4.96,0.82
"470","SE15","KINDLA","830","PICE ABI",1999-06-01,"136702",1999,"1999_SE15","Sweden",0.14,0.19,4.91,0.66
"471","SE15","KINDLA","830","PICE ABI",1999-07-01,"136703",1999,"1999_SE15","Sweden",0.09,0.11,5.12,0.54
"472","SE15","KINDLA","830","PICE ABI",1999-08-01,"136704",1999,"1999_SE15","Sweden",0.05,0.08,4.95,0.43
"473","SE15","KINDLA","830","PICE ABI",1999-09-01,"136705",1999,"1999_SE15","Sweden",0.11,0.09,4.92,0.58
"474","SE15","KINDLA","830","PICE ABI",1999-10-01,"136706",1999,"1999_SE15","Sweden",0.01,0.07,5.07,1.46
"475","SE15","KINDLA","830","PICE ABI",1999-11-01,"136707",1999,"1999_SE15","Sweden",0.37,0.6,4.36,3.62
"476","SE15","KINDLA","830","PICE ABI",1999-12-01,"136708",1999,"1999_SE15","Sweden",0.19,0.33,4.83,0.37
"477","SE15","KINDLA","830","PICE ABI",2000-01-01,"136709",2000,"2000_SE15","Sweden",0.13,0.39,4.62,0.76
"478","SE15","KINDLA","830","PICE ABI",2000-02-01,"136710",2000,"2000_SE15","Sweden",0.3,0.7,4.47,1.14
"479","SE15","KINDLA","830","PICE ABI",2000-03-01,"136711",2000,"2000_SE15","Sweden",0.01,0.2,4.84,0.39
"480","SE15","KINDLA","830","PICE ABI",2000-04-01,"136712",2000,"2000_SE15","Sweden",0.27,0.55,4.57,1.75
"481","SE15","KINDLA","830","PICE ABI",2000-05-01,"136713",2000,"2000_SE15","Sweden",0.1,0.18,4.77,0.54
"482","SE15","KINDLA","830","PICE ABI",2000-06-01,"136714",2000,"2000_SE15","Sweden",0.02,0.1,5.03,0.57
"483","SE15","KINDLA","830","PICE ABI",2000-07-01,"136715",2000,"2000_SE15","Sweden",0.06,0.02,4.96,0.42
"484","SE15","KINDLA","830","PICE ABI",2000-08-01,"136716",2000,"2000_SE15","Sweden",0.02,0.03,5.13,0.58
"485","SE15","KINDLA","830","PICE ABI",2000-09-01,"136717",2000,"2000_SE15","Sweden",0.01,0.02,5.09,3.43
"486","SE15","KINDLA","830","PICE ABI",2000-10-01,"136718",2000,"2000_SE15","Sweden",0.1,0.14,4.96,1.41
"487","SE15","KINDLA","830","PICE ABI",2000-11-01,"136719",2000,"2000_SE15","Sweden",0.21,0.33,4.69,0.85
"488","SE15","KINDLA","830","PICE ABI",2000-12-01,"136720",2000,"2000_SE15","Sweden",0.61,0.65,5.09,0.62
"489","SE15","KINDLA","830","PICE ABI",2001-01-01,"136669",2001,"2001_SE15","Sweden",0.29,0.4,4.61,1.04
"490","SE15","KINDLA","830","PICE ABI",2001-02-01,"136670",2001,"2001_SE15","Sweden",0.27,0.63,4.7,0.69
"491","SE15","KINDLA","830","PICE ABI",2001-03-01,"136671",2001,"2001_SE15","Sweden",0.97,1.75,4.54,2.09
"492","SE15","KINDLA","830","PICE ABI",2001-04-01,"136672",2001,"2001_SE15","Sweden",0.18,0.63,4.5,1.31
"493","SE15","KINDLA","830","PICE ABI",2001-05-01,"136673",2001,"2001_SE15","Sweden",0.15,0.23,4.87,0.7
"494","SE15","KINDLA","830","PICE ABI",2001-06-01,"136674",2001,"2001_SE15","Sweden",0.41,0.17,5.52,0.57
"495","SE15","KINDLA","830","PICE ABI",2001-07-01,"136675",2001,"2001_SE15","Sweden",0.17,0.07,5.08,0.29
"496","SE15","KINDLA","830","PICE ABI",2001-08-01,"136676",2001,"2001_SE15","Sweden",0.03,0.06,5.02,0.41
"497","SE15","KINDLA","830","PICE ABI",2001-09-01,"136677",2001,"2001_SE15","Sweden",0.03,0.04,5.22,0.61
"498","SE15","KINDLA","830","PICE ABI",2001-10-01,"136678",2001,"2001_SE15","Sweden",0.04,0.15,5.18,1.36
"499","SE15","KINDLA","830","PICE ABI",2001-11-01,"136679",2001,"2001_SE15","Sweden",0.1,0.22,4.91,0.51
"500","SE15","KINDLA","830","PICE ABI",2001-12-01,"136680",2001,"2001_SE15","Sweden",0.28,0.44,4.71,1.07
"501","SE15","KINDLA","830","PICE ABI",2002-01-01,"136681",2002,"2002_SE15","Sweden",0.13,0.43,4.69,0.56
"502","SE15","KINDLA","830","PICE ABI",2002-02-01,"136682",2002,"2002_SE15","Sweden",0.04,0.14,5.33,0.23
"503","SE15","KINDLA","830","PICE ABI",2002-03-01,"136683",2002,"2002_SE15","Sweden",0.12,0.25,4.75,0.45
"504","SE15","KINDLA","830","PICE ABI",2002-04-01,"136684",2002,"2002_SE15","Sweden",0.09,0.54,4.81,0.81
"505","SE15","KINDLA","830","PICE ABI",2002-05-01,"136685",2002,"2002_SE15","Sweden",0.23,0.24,5.25,1.04
"506","SE15","KINDLA","830","PICE ABI",2002-06-01,"136686",2002,"2002_SE15","Sweden",0.18,0.04,5.41,0.27
"507","SE15","KINDLA","830","PICE ABI",2002-07-01,"136687",2002,"2002_SE15","Sweden",0.13,0.01,5.35,0.25
"508","SE15","KINDLA","830","PICE ABI",2002-08-01,"136688",2002,"2002_SE15","Sweden",0.02,0.002,5.06,0.3
"509","SE15","KINDLA","830","PICE ABI",2002-09-01,"136689",2002,"2002_SE15","Sweden",0.02,0.09,5.5,0.69
"510","SE15","KINDLA","830","PICE ABI",2002-10-01,"136690",2002,"2002_SE15","Sweden",0.02,0.07,5.11,0.49
"511","SE15","KINDLA","830","PICE ABI",2002-11-01,"136691",2002,"2002_SE15","Sweden",0.05,0.18,4.77,0.56
"512","SE15","KINDLA","830","PICE ABI",2002-12-01,"136692",2002,"2002_SE15","Sweden",0.32,0.47,4.51,0.97
"513","SE15","KINDLA","830","PICE ABI",2003-01-01,"136693",2003,"2003_SE15","Sweden",0.307,0.717,4.64,1.12
"514","SE15","KINDLA","830","PICE ABI",2003-02-01,"136694",2003,"2003_SE15","Sweden",0.42,0.61,4.54,0.959
"515","SE15","KINDLA","830","PICE ABI",2003-03-01,"136695",2003,"2003_SE15","Sweden",0.171,1.187,4.69,7.026
"516","SE15","KINDLA","830","PICE ABI",2003-04-01,"136696",2003,"2003_SE15","Sweden",0.51,0.088,4.8,2.844
"517","SE15","KINDLA","830","PICE ABI",2003-05-01,"136769",2003,"2003_SE15","Sweden",0.038,0.267,5.02,0.713
"518","SE15","KINDLA","830","PICE ABI",2003-06-01,"136770",2003,"2003_SE15","Sweden",0.03,0.027,5.07,0.394
"519","SE15","KINDLA","830","PICE ABI",2003-07-01,"136771",2003,"2003_SE15","Sweden",0.309,0.102,5.37,0.39
"520","SE15","KINDLA","830","PICE ABI",2003-08-01,"136772",2003,"2003_SE15","Sweden",0.213,0.062,5.15,0.192
"521","SE15","KINDLA","830","PICE ABI",2003-09-01,"136773",2003,"2003_SE15","Sweden",0.293,0.76,5.22,0.856
"522","SE15","KINDLA","830","PICE ABI",2003-10-01,"136774",2003,"2003_SE15","Sweden",0.029,0.281,4.93,0.853
"523","SE15","KINDLA","830","PICE ABI",2003-11-01,"136775",2003,"2003_SE15","Sweden",0.095,0.238,4.8,0.6
"524","SE15","KINDLA","830","PICE ABI",2003-12-01,"136776",2003,"2003_SE15","Sweden",0.053,0.36,4.82,0.777
"525","SE15","KINDLA","830","PICE ABI",2004-01-01,"136745",2004,"2004_SE15","Sweden",0.228,0.544,4.54,0.751
"526","SE15","KINDLA","830","PICE ABI",2004-02-01,"136746",2004,"2004_SE15","Sweden",0.14,0.442,4.83,0.552
"527","SE15","KINDLA","830","PICE ABI",2004-03-01,"136747",2004,"2004_SE15","Sweden",0.193,0.624,4.64,1.118
"528","SE15","KINDLA","830","PICE ABI",2004-04-01,"136748",2004,"2004_SE15","Sweden",0.282,1.414,4.58,1.816
"529","SE15","KINDLA","830","PICE ABI",2004-05-01,"136749",2004,"2004_SE15","Sweden",0.571,0.615,5.31,0.902
"530","SE15","KINDLA","830","PICE ABI",2004-06-01,"136750",2004,"2004_SE15","Sweden",0.022,0.872,4.89,0.321
"531","SE15","KINDLA","830","PICE ABI",2004-07-01,"136751",2004,"2004_SE15","Sweden",0.029,0.012,4.56,0.141
"532","SE15","KINDLA","830","PICE ABI",2004-08-01,"136752",2004,"2004_SE15","Sweden",0.028,0.001,4.91,0.237
"533","SE15","KINDLA","830","PICE ABI",2004-09-01,"136753",2004,"2004_SE15","Sweden",0.092,0.087,5.21,0.285
"534","SE15","KINDLA","830","PICE ABI",2004-10-01,"136754",2004,"2004_SE15","Sweden",0.01,0.1,5.17,0.809
"535","SE15","KINDLA","830","PICE ABI",2004-11-01,"136755",2004,"2004_SE15","Sweden",0.028,0.084,4.97,0.308
"536","SE15","KINDLA","830","PICE ABI",2004-12-01,"136756",2004,"2004_SE15","Sweden",0.074,0.296,4.92,0.979
"537","SE15","KINDLA","830","PICE ABI",2005-01-01,"136733",2005,"2005_SE15","Sweden",0.08,0.334,4.63,1.245
"538","SE15","KINDLA","830","PICE ABI",2005-02-01,"136734",2005,"2005_SE15","Sweden",0.326,0.555,4.53,1.068
"539","SE15","KINDLA","830","PICE ABI",2005-03-01,"136735",2005,"2005_SE15","Sweden",0.046,0.336,4.79,0.709
"540","SE15","KINDLA","830","PICE ABI",2005-04-01,"136736",2005,"2005_SE15","Sweden",0.216,0.959,4.8,1.704
"541","SE15","KINDLA","830","PICE ABI",2005-05-01,"136737",2005,"2005_SE15","Sweden",0.128,0.302,4.97,0.601
"542","SE15","KINDLA","830","PICE ABI",2005-06-01,"136738",2005,"2005_SE15","Sweden",0.171,0.139,5.45,0.404
"543","SE15","KINDLA","830","PICE ABI",2005-07-01,"136739",2005,"2005_SE15","Sweden",0.185,0.128,5.35,0.27
"544","SE15","KINDLA","830","PICE ABI",2005-08-01,"136740",2005,"2005_SE15","Sweden",0.201,0.095,5.07,0.301
"545","SE15","KINDLA","830","PICE ABI",2005-09-01,"136741",2005,"2005_SE15","Sweden",0.247,0.433,5.41,0.822
"546","SE15","KINDLA","830","PICE ABI",2005-10-01,"136742",2005,"2005_SE15","Sweden",0.01,0.016,5.2,0.689
"547","SE15","KINDLA","830","PICE ABI",2005-11-01,"136743",2005,"2005_SE15","Sweden",0.159,0.275,5.23,1.291
"548","SE15","KINDLA","830","PICE ABI",2005-12-01,"136744",2005,"2005_SE15","Sweden",0.159,0.293,4.69,1.003
"549","SE15","KINDLA","830","PICE ABI",2006-01-01,"136757",2006,"2006_SE15","Sweden",0.25,0.5,4.6,1.26
"550","SE15","KINDLA","830","PICE ABI",2006-02-01,"136758",2006,"2006_SE15","Sweden",0.25,0.37,4.5,1.76
"551","SE15","KINDLA","830","PICE ABI",2006-03-01,"136759",2006,"2006_SE15","Sweden",0.2,0.51,4.5,1.11
"552","SE15","KINDLA","830","PICE ABI",2006-04-01,"136760",2006,"2006_SE15","Sweden",0.38,0.73,4.6,0.99
"553","SE15","KINDLA","830","PICE ABI",2006-05-01,"136761",2006,"2006_SE15","Sweden",0.07,0.23,5.2,0.31
"554","SE15","KINDLA","830","PICE ABI",2006-06-01,"136762",2006,"2006_SE15","Sweden",0.15,0.15,5.7,0.41
"555","SE15","KINDLA","830","PICE ABI",2006-07-01,"136763",2006,"2006_SE15","Sweden",0.54,0.12,5.7,0.26
"556","SE15","KINDLA","830","PICE ABI",2006-08-01,"136764",2006,"2006_SE15","Sweden",0.09,0.08,5.3,0.22
"557","SE15","KINDLA","830","PICE ABI",2006-09-01,"136765",2006,"2006_SE15","Sweden",0.15,0.27,5.4,0.46
"558","SE15","KINDLA","830","PICE ABI",2006-10-01,"136766",2006,"2006_SE15","Sweden",0.06,0.19,5.1,0.52
"559","SE15","KINDLA","830","PICE ABI",2006-11-01,"136767",2006,"2006_SE15","Sweden",0.12,0.27,5.1,0.4
"560","SE15","KINDLA","830","PICE ABI",2006-12-01,"136768",2006,"2006_SE15","Sweden",0.21,0.37,5,0.56
"561","SE15","KINDLA","830","PICE ABI",2007-01-01,"136721",2007,"2007_SE15","Sweden",0.04,0.12,5.08,0.19
"562","SE15","KINDLA","830","PICE ABI",2007-02-01,"136722",2007,"2007_SE15","Sweden",0.62,0.67,4.15,0.91
"563","SE15","KINDLA","830","PICE ABI",2007-03-01,"136723",2007,"2007_SE15","Sweden",0.12,0.59,4.69,1.52
"564","SE15","KINDLA","830","PICE ABI",2007-04-01,"136724",2007,"2007_SE15","Sweden",0.03,0,5.37,0.68
"565","SE15","KINDLA","830","PICE ABI",2007-05-01,"136725",2007,"2007_SE15","Sweden",0.3,0.27,5.26,0.54
"566","SE15","KINDLA","830","PICE ABI",2007-06-01,"136726",2007,"2007_SE15","Sweden",0.24,0.18,5.43,0.53
"567","SE15","KINDLA","830","PICE ABI",2007-07-01,"136727",2007,"2007_SE15","Sweden",0.14,0,5.35,1.02
"568","SE15","KINDLA","830","PICE ABI",2007-08-01,"136728",2007,"2007_SE15","Sweden",0.12,0.08,5.33,0.39
"569","SE15","KINDLA","830","PICE ABI",2007-09-01,"136729",2007,"2007_SE15","Sweden",0.04,0.02,5.22,0.37
"570","SE15","KINDLA","830","PICE ABI",2007-10-01,"136730",2007,"2007_SE15","Sweden",0.01,0.17,4.72,0.53
"571","SE15","KINDLA","830","PICE ABI",2007-11-01,"136731",2007,"2007_SE15","Sweden",0.05,0.24,4.84,0.6
"572","SE15","KINDLA","830","PICE ABI",2007-12-01,"136732",2007,"2007_SE15","Sweden",0.07,0.21,4.74,0.45
"573","SE15","KINDLA","830","PICE ABI",2008-01-01,"168928",2008,"2008_SE15","Sweden",0.071,0.263,4.72,0.598
"574","SE15","KINDLA","830","PICE ABI",2008-02-01,"168929",2008,"2008_SE15","Sweden",0.036,0.212,4.86,0.306
"575","SE15","KINDLA","830","PICE ABI",2008-03-01,"168930",2008,"2008_SE15","Sweden",0.24,0.487,4.71,0.904
"576","SE15","KINDLA","830","PICE ABI",2008-04-01,"168931",2008,"2008_SE15","Sweden",0.109,0.474,4.71,0.867
"577","SE15","KINDLA","830","PICE ABI",2008-05-01,"168932",2008,"2008_SE15","Sweden",0.106,0.185,5.2,0.601
"578","SE15","KINDLA","830","PICE ABI",2008-06-01,"168933",2008,"2008_SE15","Sweden",0.114,0.067,5.64,0.295
"579","SE15","KINDLA","830","PICE ABI",2008-07-01,"168934",2008,"2008_SE15","Sweden",0.011,0.002,5.1,0.175
"580","SE15","KINDLA","830","PICE ABI",2008-08-01,"168935",2008,"2008_SE15","Sweden",0.146,0.035,5.37,0.128
"581","SE15","KINDLA","830","PICE ABI",2008-09-01,"168936",2008,"2008_SE15","Sweden",0.073,0.05,5.26,0.18
"582","SE15","KINDLA","830","PICE ABI",2008-10-01,"168937",2008,"2008_SE15","Sweden",0.027,0.002,5.31,0.231
"583","SE15","KINDLA","830","PICE ABI",2008-11-01,"168938",2008,"2008_SE15","Sweden",0.078,0.115,4.96,0.599
"584","SE15","KINDLA","830","PICE ABI",2008-12-01,"168939",2008,"2008_SE15","Sweden",0.093,0.186,4.93,0.382
"585","SE15","KINDLA","830","PICE ABI",2009-01-01,"169083",2009,"2009_SE15","Sweden",0.25,0.64,4.6,0.79
"586","SE15","KINDLA","830","PICE ABI",2009-02-01,"169084",2009,"2009_SE15","Sweden",0.2,0.37,4.7,0.31
"587","SE15","KINDLA","830","PICE ABI",2009-03-01,"169085",2009,"2009_SE15","Sweden",0.18,0.33,4.8,1.24
"588","SE15","KINDLA","830","PICE ABI",2009-05-01,"169087",2009,"2009_SE15","Sweden",0.36,0.23,5.5,0.44
"589","SE15","KINDLA","830","PICE ABI",2009-06-01,"169088",2009,"2009_SE15","Sweden",0.15,0.03,5.4,0.23
"590","SE15","KINDLA","830","PICE ABI",2009-07-01,"169089",2009,"2009_SE15","Sweden",0.18,0.05,5.5,0.17
"591","SE15","KINDLA","830","PICE ABI",2009-08-01,"169090",2009,"2009_SE15","Sweden",0.15,0.13,5.4,0.3
"592","SE15","KINDLA","830","PICE ABI",2009-09-01,"169091",2009,"2009_SE15","Sweden",0.14,0.12,5.5,0.34
"593","SE15","KINDLA","830","PICE ABI",2009-10-01,"169092",2009,"2009_SE15","Sweden",0.06,0.02,5.6,0.33
"594","SE15","KINDLA","830","PICE ABI",2009-11-01,"169093",2009,"2009_SE15","Sweden",0.1,0.23,4.9,0.52
"595","SE15","KINDLA","830","PICE ABI",2009-12-01,"169094",2009,"2009_SE15","Sweden",0.14,0.27,4.9,0.67
"596","SE15","KINDLA","830","PICE ABI",2010-01-01,"193195",2010,"2010_SE15","Sweden",0.29,0.45,4.6,0.47
"597","SE15","KINDLA","830","PICE ABI",2010-02-01,"193196",2010,"2010_SE15","Sweden",0.34,0.55,4.5,0.41
"598","SE15","KINDLA","830","PICE ABI",2010-03-01,"193197",2010,"2010_SE15","Sweden",0.55,0.84,4.7,2.08
"599","SE15","KINDLA","830","PICE ABI",2010-04-01,"193198",2010,"2010_SE15","Sweden",0.2,0.93,4.8,1.38
"600","SE15","KINDLA","830","PICE ABI",2010-05-01,"193199",2010,"2010_SE15","Sweden",0.01,0.02,5,0.53
"601","SE15","KINDLA","830","PICE ABI",2010-06-01,"193200",2010,"2010_SE15","Sweden",0.01,0.01,5.2,0.51
"602","SE15","KINDLA","830","PICE ABI",2010-07-01,"193201",2010,"2010_SE15","Sweden",0.01,0.01,5.1,0.19
"603","SE15","KINDLA","830","PICE ABI",2010-08-01,"193202",2010,"2010_SE15","Sweden",0.12,0.06,5.3,0.19
"604","SE15","KINDLA","830","PICE ABI",2010-09-01,"193203",2010,"2010_SE15","Sweden",0.08,0.11,5.3,0.3
"605","SE15","KINDLA","830","PICE ABI",2010-10-01,"193204",2010,"2010_SE15","Sweden",0.01,0.01,5.4,0.58
"606","SE15","KINDLA","830","PICE ABI",2010-11-01,"193205",2010,"2010_SE15","Sweden",0.01,0.1,5.2,0.26
"607","SE15","KINDLA","830","PICE ABI",2010-12-01,"193206",2010,"2010_SE15","Sweden",0.19,0.47,4.7,0.43
"608","SE15","KINDLA","830","PICE ABI",2011-01-01,"193207",2011,"2011_SE15","Sweden",0.04,0.28,4.96,0.81
"609","SE15","KINDLA","830","PICE ABI",2011-02-01,"193208",2011,"2011_SE15","Sweden",0.11,0.3,4.83,0.23
"610","SE15","KINDLA","830","PICE ABI",2011-03-01,"193209",2011,"2011_SE15","Sweden",0.3,0.47,5.14,0.38
"611","SE15","KINDLA","830","PICE ABI",2011-04-01,"193210",2011,"2011_SE15","Sweden",0.02,0.93,4.95,3.23
"612","SE15","KINDLA","830","PICE ABI",2011-05-01,"193211",2011,"2011_SE15","Sweden",0.38,0.41,5.41,0.62
"613","SE15","KINDLA","830","PICE ABI",2011-06-01,"193212",2011,"2011_SE15","Sweden",0.3,0.16,5.31,0.46
"614","SE15","KINDLA","830","PICE ABI",2011-07-01,"193213",2011,"2011_SE15","Sweden",0.14,0.07,5.26,0.28
"615","SE15","KINDLA","830","PICE ABI",2011-08-01,"193214",2011,"2011_SE15","Sweden",0.03,0.05,5.16,0.26
"616","SE15","KINDLA","830","PICE ABI",2011-09-01,"193215",2011,"2011_SE15","Sweden",0.06,0.03,5.28,0.35
"617","SE15","KINDLA","830","PICE ABI",2011-10-01,"193216",2011,"2011_SE15","Sweden",0.03,0.19,5.2,0.59
"618","SE15","KINDLA","830","PICE ABI",2011-11-01,"193217",2011,"2011_SE15","Sweden",0.22,0.47,4.76,3.49
"619","SE15","KINDLA","830","PICE ABI",2011-12-01,"193218",2011,"2011_SE15","Sweden",0.03,0.18,5.14,0.18
"620","SE15","KINDLA","830","PICE ABI",2012-01-01,"217248",2012,"2012_SE15","Sweden",0.11,0.21,4.91,0.24
"621","SE15","KINDLA","830","PICE ABI",2012-02-01,"217249",2012,"2012_SE15","Sweden",0.1,0.44,4.68,1.05
"622","SE15","KINDLA","830","PICE ABI",2012-03-01,"217250",2012,"2012_SE15","Sweden",0.03,0.44,4.99,0.53
"623","SE15","KINDLA","830","PICE ABI",2012-04-01,"217251",2012,"2012_SE15","Sweden",0.11,0.39,4.9,0.45
"624","SE15","KINDLA","830","PICE ABI",2012-05-01,"217252",2012,"2012_SE15","Sweden",0.14,0.15,5.3,0.27
"625","SE15","KINDLA","830","PICE ABI",2012-06-01,"217253",2012,"2012_SE15","Sweden",0.03,0.01,5.06,0.17
"626","SE15","KINDLA","830","PICE ABI",2012-07-01,"217254",2012,"2012_SE15","Sweden",0.03,0.01,5.24,0.17
"627","SE15","KINDLA","830","PICE ABI",2012-08-01,"217255",2012,"2012_SE15","Sweden",0.02,0.01,5.31,0.11
"628","SE15","KINDLA","830","PICE ABI",2012-09-01,"217256",2012,"2012_SE15","Sweden",0.02,0.01,5.49,0.15
"629","SE15","KINDLA","830","PICE ABI",2012-10-01,"217257",2012,"2012_SE15","Sweden",0.02,0.07,5.32,0.16
"630","SE15","KINDLA","830","PICE ABI",2012-11-01,"217258",2012,"2012_SE15","Sweden",0.16,0.36,4.87,0.94
"631","SE15","KINDLA","830","PICE ABI",2012-12-01,"217259",2012,"2012_SE15","Sweden",0.03,0.18,4.91,0.48
"632","SE15","KINDLA","830","PICE ABI",2013-01-01,"226036",2013,"2013_SE15","Sweden",0.15,0.45,4.74,0.74
"633","SE15","KINDLA","830","PICE ABI",2013-02-01,"226037",2013,"2013_SE15","Sweden",0.2,0.32,4.66,0.54
"634","SE15","KINDLA","830","PICE ABI",2013-03-01,"226038",2013,"2013_SE15","Sweden",0.02,0.01,4.96,0.87
"635","SE15","KINDLA","830","PICE ABI",2013-04-01,"226039",2013,"2013_SE15","Sweden",0.03,0.01,5.13,0.78
"636","SE15","KINDLA","830","PICE ABI",2013-05-01,"226040",2013,"2013_SE15","Sweden",0.21,0.45,5.09,0.56
"637","SE15","KINDLA","830","PICE ABI",2013-06-01,"226041",2013,"2013_SE15","Sweden",0.05,0.05,5.28,0.24
"638","SE15","KINDLA","830","PICE ABI",2013-07-01,"226042",2013,"2013_SE15","Sweden",0.02,0.01,5.33,0.22
"639","SE15","KINDLA","830","PICE ABI",2013-08-01,"226043",2013,"2013_SE15","Sweden",0.02,0.07,5.22,0.18
"640","SE15","KINDLA","830","PICE ABI",2013-09-01,"226044",2013,"2013_SE15","Sweden",0.02,0.01,5.27,0.19
"641","SE15","KINDLA","830","PICE ABI",2013-10-01,"226045",2013,"2013_SE15","Sweden",0.03,0,5.38,0.13
"642","SE15","KINDLA","830","PICE ABI",2013-11-01,"226046",2013,"2013_SE15","Sweden",0.17,0.45,5,1.08
"643","SE15","KINDLA","830","PICE ABI",2013-12-01,"226047",2013,"2013_SE15","Sweden",0.05,0.22,5.03,0.44
"644","SE15","KINDLA","830","PICE ABI",2014-01-01,"262732",2014,"2014_SE15","Sweden",0.21,0.38,4.68,0.41
"645","SE15","KINDLA","830","PICE ABI",2014-02-01,"262733",2014,"2014_SE15","Sweden",0.42,0.55,4.85,0.47
"646","SE15","KINDLA","830","PICE ABI",2014-03-01,"262734",2014,"2014_SE15","Sweden",0.12,0.27,4.95,0.34
"647","SE15","KINDLA","830","PICE ABI",2014-04-01,"262735",2014,"2014_SE15","Sweden",0.09,0.15,5.17,0.64
"648","SE15","KINDLA","830","PICE ABI",2014-05-01,"262736",2014,"2014_SE15","Sweden",0.09,0.18,5.19,0.29
"649","SE15","KINDLA","830","PICE ABI",2014-06-01,"262737",2014,"2014_SE15","Sweden",0.02,0,5.33,0.14
"650","SE15","KINDLA","830","PICE ABI",2014-07-01,"262738",2014,"2014_SE15","Sweden",0.25,0.12,5.65,0.23
"651","SE15","KINDLA","830","PICE ABI",2014-08-01,"262739",2014,"2014_SE15","Sweden",0.04,0.09,5.21,0.12
"652","SE15","KINDLA","830","PICE ABI",2014-09-01,"262740",2014,"2014_SE15","Sweden",0.16,0.07,5.59,0.2
"653","SE15","KINDLA","830","PICE ABI",2014-10-01,"262741",2014,"2014_SE15","Sweden",0.04,0.15,5.03,0.45
"654","SE15","KINDLA","830","PICE ABI",2014-11-01,"262742",2014,"2014_SE15","Sweden",0.46,0.58,4.72,0.99
"655","SE15","KINDLA","830","PICE ABI",2014-12-01,"262743",2014,"2014_SE15","Sweden",0.06,0.32,5.21,0.68
"656","SE15","KINDLA","830","PICE ABI",2015-01-01,"262780",2015,"2015_SE15","Sweden",0.09,0.2,5.05,0.27
"657","SE15","KINDLA","830","PICE ABI",2015-02-01,"262781",2015,"2015_SE15","Sweden",0.09,0.2,5.05,0.27
"658","SE15","KINDLA","830","PICE ABI",2015-03-01,"262782",2015,"2015_SE15","Sweden",0.03,0.43,4.93,0.39
"659","SE15","KINDLA","830","PICE ABI",2015-04-01,"262783",2015,"2015_SE15","Sweden",0.02,0.1,5.2,0.59
"660","SE15","KINDLA","830","PICE ABI",2015-05-01,"262784",2015,"2015_SE15","Sweden",0.13,0.18,5.14,0.28
"661","SE15","KINDLA","830","PICE ABI",2015-06-01,"262785",2015,"2015_SE15","Sweden",0.02,0.07,5.34,0.11
"662","SE15","KINDLA","830","PICE ABI",2015-07-01,"262786",2015,"2015_SE15","Sweden",0.02,0,5.51,0.11
"663","SE15","KINDLA","830","PICE ABI",2015-08-01,"262787",2015,"2015_SE15","Sweden",0.02,0,5.47,0.24
"664","SE15","KINDLA","830","PICE ABI",2015-09-01,"262788",2015,"2015_SE15","Sweden",0.02,0,5.61,0.12
"665","SE15","KINDLA","830","PICE ABI",2015-10-01,"262789",2015,"2015_SE15","Sweden",0.07,0.05,5.93,0.2
"666","SE15","KINDLA","830","PICE ABI",2015-11-01,"262790",2015,"2015_SE15","Sweden",0.02,0.03,5.11,0.13
"667","SE15","KINDLA","830","PICE ABI",2015-12-01,"262791",2015,"2015_SE15","Sweden",0.13,0.24,5.34,0.21
"668","SE15","KINDLA","830","PICE ABI",2016-01-01,"272025",2016,"2016_SE15","Sweden",0.1,0.17,5.26,0.11
"669","SE15","KINDLA","830","PICE ABI",2016-02-01,"272026",2016,"2016_SE15","Sweden",0.15,0.25,5.34,0.15
"670","SE15","KINDLA","830","PICE ABI",2016-03-01,"272027",2016,"2016_SE15","Sweden",0.05,0.15,5.14,0.28
"671","SE15","KINDLA","830","PICE ABI",2016-04-01,"272028",2016,"2016_SE15","Sweden",0.11,0.25,5.05,0.16
"672","SE15","KINDLA","830","PICE ABI",2016-05-01,"272029",2016,"2016_SE15","Sweden",0.02,0,5.48,0.14
"673","SE15","KINDLA","830","PICE ABI",2016-06-01,"272030",2016,"2016_SE15","Sweden",0.02,0,5.49,0.1
"674","SE15","KINDLA","830","PICE ABI",2016-07-01,"272031",2016,"2016_SE15","Sweden",0.19,0.02,6,0.18
"675","SE15","KINDLA","830","PICE ABI",2016-08-01,"272032",2016,"2016_SE15","Sweden",0.02,0,5.455,0.12
"676","SE15","KINDLA","830","PICE ABI",2016-09-01,"272033",2016,"2016_SE15","Sweden",0.02,0,5.79,0.07
"677","SE15","KINDLA","830","PICE ABI",2016-10-01,"272034",2016,"2016_SE15","Sweden",0.02,0.04,5.59,0.5
"678","SE15","KINDLA","830","PICE ABI",2016-11-01,"272035",2016,"2016_SE15","Sweden",0.18,0.21,6.11,0.17
"679","SE15","KINDLA","830","PICE ABI",2016-12-01,"272036",2016,"2016_SE15","Sweden",0.11,0.26,4.99,0.2
"680","SE16","GAMMTRATTEN","1764","PICE ABI",1999-01-01,"150716",1999,"1999_SE16","Sweden",0.34,0.42,4.71,0.35
"681","SE16","GAMMTRATTEN","1764","PICE ABI",1999-02-01,"150717",1999,"1999_SE16","Sweden",0.04,0.12,4.81,0.19
"682","SE16","GAMMTRATTEN","1764","PICE ABI",1999-03-01,"150718",1999,"1999_SE16","Sweden",0.29,0.43,4.28,0.92
"683","SE16","GAMMTRATTEN","1764","PICE ABI",1999-04-01,"150719",1999,"1999_SE16","Sweden",0.16,0.22,4.58,0.49
"684","SE16","GAMMTRATTEN","1764","PICE ABI",1999-05-01,"150720",1999,"1999_SE16","Sweden",0.34,0.38,4.81,0.63
"685","SE16","GAMMTRATTEN","1764","PICE ABI",1999-06-01,"150721",1999,"1999_SE16","Sweden",0.11,0.1,5.06,0.23
"686","SE16","GAMMTRATTEN","1764","PICE ABI",1999-07-01,"150722",1999,"1999_SE16","Sweden",0.13,0.13,5.01,0.29
"687","SE16","GAMMTRATTEN","1764","PICE ABI",1999-08-01,"150723",1999,"1999_SE16","Sweden",0.46,0.1,5.48,0.26
"688","SE16","GAMMTRATTEN","1764","PICE ABI",1999-09-01,"150724",1999,"1999_SE16","Sweden",0.17,0.2,4.85,0.41
"689","SE16","GAMMTRATTEN","1764","PICE ABI",1999-10-01,"150725",1999,"1999_SE16","Sweden",0.12,0.07,5.27,0.17
"690","SE16","GAMMTRATTEN","1764","PICE ABI",1999-11-01,"150726",1999,"1999_SE16","Sweden",0.01,0.14,4.79,0.46
"691","SE16","GAMMTRATTEN","1764","PICE ABI",1999-12-01,"150727",1999,"1999_SE16","Sweden",0.01,0.13,4.8,0.1
"692","SE16","GAMMTRATTEN","1764","PICE ABI",2000-01-01,"150728",2000,"2000_SE16","Sweden",0.01,0.09,4.86,0.18
"693","SE16","GAMMTRATTEN","1764","PICE ABI",2000-02-01,"150729",2000,"2000_SE16","Sweden",0.02,0.19,4.68,0.16
"694","SE16","GAMMTRATTEN","1764","PICE ABI",2000-03-01,"150730",2000,"2000_SE16","Sweden",0.01,0.05,5.24,0.24
"695","SE16","GAMMTRATTEN","1764","PICE ABI",2000-04-01,"150731",2000,"2000_SE16","Sweden",0.01,0.25,4.4,0.46
"696","SE16","GAMMTRATTEN","1764","PICE ABI",2000-05-01,"150732",2000,"2000_SE16","Sweden",0.11,0.18,4.73,0.3
"697","SE16","GAMMTRATTEN","1764","PICE ABI",2000-06-01,"150733",2000,"2000_SE16","Sweden",0.03,0.06,4.99,0.25
"698","SE16","GAMMTRATTEN","1764","PICE ABI",2000-07-01,"150734",2000,"2000_SE16","Sweden",0.07,0.08,4.94,0.18
"699","SE16","GAMMTRATTEN","1764","PICE ABI",2000-08-01,"150735",2000,"2000_SE16","Sweden",0.04,0.01,5.03,0.12
"700","SE16","GAMMTRATTEN","1764","PICE ABI",2000-09-01,"150736",2000,"2000_SE16","Sweden",0.08,0.11,5.05,0.37
"701","SE16","GAMMTRATTEN","1764","PICE ABI",2000-10-01,"150737",2000,"2000_SE16","Sweden",0.15,0.31,4.49,0.91
"702","SE16","GAMMTRATTEN","1764","PICE ABI",2000-11-01,"150738",2000,"2000_SE16","Sweden",0.08,0.22,4.5,0.34
"703","SE16","GAMMTRATTEN","1764","PICE ABI",2000-12-01,"150739",2000,"2000_SE16","Sweden",0.02,0.16,4.88,0.11
"704","SE16","GAMMTRATTEN","1764","PICE ABI",2001-01-01,"150692",2001,"2001_SE16","Sweden",0.12,0.24,4.55,0.34
"705","SE16","GAMMTRATTEN","1764","PICE ABI",2001-02-01,"150693",2001,"2001_SE16","Sweden",0.3,0.16,4.8,0.22
"706","SE16","GAMMTRATTEN","1764","PICE ABI",2001-03-01,"150694",2001,"2001_SE16","Sweden",0.12,0.3,4.57,0.43
"707","SE16","GAMMTRATTEN","1764","PICE ABI",2001-04-01,"150695",2001,"2001_SE16","Sweden",0.06,0.24,4.69,0.4
"708","SE16","GAMMTRATTEN","1764","PICE ABI",2001-05-01,"150696",2001,"2001_SE16","Sweden",0.02,0.002,5.26,0.14
"709","SE16","GAMMTRATTEN","1764","PICE ABI",2001-06-01,"150697",2001,"2001_SE16","Sweden",0.06,0.08,5.1,0.25
"710","SE16","GAMMTRATTEN","1764","PICE ABI",2001-07-01,"150698",2001,"2001_SE16","Sweden",0.31,0.05,5.44,0.24
"711","SE16","GAMMTRATTEN","1764","PICE ABI",2001-08-01,"150699",2001,"2001_SE16","Sweden",0.04,0.05,4.94,0.15
"712","SE16","GAMMTRATTEN","1764","PICE ABI",2001-09-01,"150700",2001,"2001_SE16","Sweden",0.09,0.08,5.06,0.22
"713","SE16","GAMMTRATTEN","1764","PICE ABI",2001-10-01,"150701",2001,"2001_SE16","Sweden",0.06,0.2,4.75,0.28
"714","SE16","GAMMTRATTEN","1764","PICE ABI",2001-11-01,"150702",2001,"2001_SE16","Sweden",0.02,0.11,4.99,0.2
"715","SE16","GAMMTRATTEN","1764","PICE ABI",2001-12-01,"150703",2001,"2001_SE16","Sweden",0.02,0.17,4.8,0.24
"716","SE16","GAMMTRATTEN","1764","PICE ABI",2002-01-01,"150704",2002,"2002_SE16","Sweden",0.02,0.19,4.77,0.09
"717","SE16","GAMMTRATTEN","1764","PICE ABI",2002-02-01,"150705",2002,"2002_SE16","Sweden",0.04,0.14,4.9,0.13
"718","SE16","GAMMTRATTEN","1764","PICE ABI",2002-03-01,"150706",2002,"2002_SE16","Sweden",0.14,0.27,4.68,0.29
"719","SE16","GAMMTRATTEN","1764","PICE ABI",2002-04-01,"150707",2002,"2002_SE16","Sweden",0.18,0.63,4.55,1.09
"720","SE16","GAMMTRATTEN","1764","PICE ABI",2002-05-01,"150708",2002,"2002_SE16","Sweden",0.25,0.17,5.07,0.51
"721","SE16","GAMMTRATTEN","1764","PICE ABI",2002-06-01,"150709",2002,"2002_SE16","Sweden",0.12,0.11,5.12,0.25
"722","SE16","GAMMTRATTEN","1764","PICE ABI",2002-07-01,"150710",2002,"2002_SE16","Sweden",0.08,0.09,5.02,0.17
"723","SE16","GAMMTRATTEN","1764","PICE ABI",2002-08-01,"150711",2002,"2002_SE16","Sweden",0.62,0.19,5.73,0.35
"724","SE16","GAMMTRATTEN","1764","PICE ABI",2002-09-01,"150712",2002,"2002_SE16","Sweden",0.23,0.1,5.62,0.19
"725","SE16","GAMMTRATTEN","1764","PICE ABI",2002-10-01,"150713",2002,"2002_SE16","Sweden",0.02,0.09,4.75,0.42
"726","SE16","GAMMTRATTEN","1764","PICE ABI",2002-11-01,"150714",2002,"2002_SE16","Sweden",0.05,0.19,4.63,0.31
"727","SE16","GAMMTRATTEN","1764","PICE ABI",2002-12-01,"150715",2002,"2002_SE16","Sweden",0.02,0.27,4.64,0.39
"728","SE16","GAMMTRATTEN","1764","PICE ABI",2003-01-01,"150776",2003,"2003_SE16","Sweden",0.023,0.2,4.85,0.135
"729","SE16","GAMMTRATTEN","1764","PICE ABI",2003-03-01,"150778",2003,"2003_SE16","Sweden",0.02,0.002,4.71,1.007
"730","SE16","GAMMTRATTEN","1764","PICE ABI",2003-04-01,"150779",2003,"2003_SE16","Sweden",0.02,0.152,4.88,0.711
"731","SE16","GAMMTRATTEN","1764","PICE ABI",2003-05-01,"150780",2003,"2003_SE16","Sweden",0.233,0.24,4.83,0.4
"732","SE16","GAMMTRATTEN","1764","PICE ABI",2003-06-01,"150781",2003,"2003_SE16","Sweden",0.088,0.031,5.08,0.201
"733","SE16","GAMMTRATTEN","1764","PICE ABI",2003-07-01,"150782",2003,"2003_SE16","Sweden",0.188,0.103,5.16,0.238
"734","SE16","GAMMTRATTEN","1764","PICE ABI",2003-08-01,"150783",2003,"2003_SE16","Sweden",0.07,0.061,5.06,0.139
"735","SE16","GAMMTRATTEN","1764","PICE ABI",2003-09-01,"150784",2003,"2003_SE16","Sweden",0.022,0.125,5.04,0.258
"736","SE16","GAMMTRATTEN","1764","PICE ABI",2003-10-01,"150785",2003,"2003_SE16","Sweden",0.093,0.156,4.93,0.246
"737","SE16","GAMMTRATTEN","1764","PICE ABI",2003-11-01,"150786",2003,"2003_SE16","Sweden",0.081,0.254,4.6,0.339
"738","SE16","GAMMTRATTEN","1764","PICE ABI",2003-12-01,"150787",2003,"2003_SE16","Sweden",0.02,0.149,4.91,0.107
"739","SE16","GAMMTRATTEN","1764","PICE ABI",2004-01-01,"150788",2004,"2004_SE16","Sweden",0.118,0.369,4.52,0.322
"740","SE16","GAMMTRATTEN","1764","PICE ABI",2004-02-01,"150789",2004,"2004_SE16","Sweden",0.01,0.13,4.79,0.193
"741","SE16","GAMMTRATTEN","1764","PICE ABI",2004-03-01,"150790",2004,"2004_SE16","Sweden",0.031,0.12,4.9,0.201
"742","SE16","GAMMTRATTEN","1764","PICE ABI",2004-04-01,"150791",2004,"2004_SE16","Sweden",0.05,0.222,4.53,0.881
"743","SE16","GAMMTRATTEN","1764","PICE ABI",2004-05-01,"150792",2004,"2004_SE16","Sweden",0.072,0.123,5.02,0.32
"744","SE16","GAMMTRATTEN","1764","PICE ABI",2004-06-01,"150793",2004,"2004_SE16","Sweden",0.079,0.066,5.34,0.149
"745","SE16","GAMMTRATTEN","1764","PICE ABI",2004-07-01,"150794",2004,"2004_SE16","Sweden",0.108,0.095,5.07,0.164
"746","SE16","GAMMTRATTEN","1764","PICE ABI",2004-08-01,"150795",2004,"2004_SE16","Sweden",0.09,0.068,5.21,0.153
"747","SE16","GAMMTRATTEN","1764","PICE ABI",2004-09-01,"150796",2004,"2004_SE16","Sweden",0.085,0.082,5.27,0.111
"748","SE16","GAMMTRATTEN","1764","PICE ABI",2004-10-01,"150797",2004,"2004_SE16","Sweden",0.01,0.001,5.03,0.267
"749","SE16","GAMMTRATTEN","1764","PICE ABI",2004-11-01,"150798",2004,"2004_SE16","Sweden",0.01,0.065,5,0.067
"750","SE16","GAMMTRATTEN","1764","PICE ABI",2004-12-01,"150799",2004,"2004_SE16","Sweden",0.056,0.173,5.38,0.114
"751","SE16","GAMMTRATTEN","1764","PICE ABI",2005-01-01,"150764",2005,"2005_SE16","Sweden",0.03,0.181,4.92,0.156
"752","SE16","GAMMTRATTEN","1764","PICE ABI",2005-02-01,"150765",2005,"2005_SE16","Sweden",0.095,0.231,4.81,0.223
"753","SE16","GAMMTRATTEN","1764","PICE ABI",2005-03-01,"150766",2005,"2005_SE16","Sweden",0.002,0.007,5.51,0.007
"754","SE16","GAMMTRATTEN","1764","PICE ABI",2005-04-01,"150767",2005,"2005_SE16","Sweden",0.475,0.253,4.8,0.329
"755","SE16","GAMMTRATTEN","1764","PICE ABI",2005-05-01,"150768",2005,"2005_SE16","Sweden",0.126,0.128,4.44,0.255
"756","SE16","GAMMTRATTEN","1764","PICE ABI",2005-06-01,"150769",2005,"2005_SE16","Sweden",0.043,0.102,4.89,0.263
"757","SE16","GAMMTRATTEN","1764","PICE ABI",2005-07-01,"150770",2005,"2005_SE16","Sweden",0.123,0.053,5.43,0.143
"758","SE16","GAMMTRATTEN","1764","PICE ABI",2005-08-01,"150771",2005,"2005_SE16","Sweden",0.144,0.079,5.12,0.174
"759","SE16","GAMMTRATTEN","1764","PICE ABI",2005-09-01,"150772",2005,"2005_SE16","Sweden",0.046,0.024,5.33,0.184
"760","SE16","GAMMTRATTEN","1764","PICE ABI",2005-10-01,"150773",2005,"2005_SE16","Sweden",0.01,0.059,4.85,0.57
"761","SE16","GAMMTRATTEN","1764","PICE ABI",2005-11-01,"150774",2005,"2005_SE16","Sweden",0.04,0.224,4.8,0.345
"762","SE16","GAMMTRATTEN","1764","PICE ABI",2005-12-01,"150775",2005,"2005_SE16","Sweden",0.024,0.227,4.71,0.246
"763","SE16","GAMMTRATTEN","1764","PICE ABI",2006-01-01,"150752",2006,"2006_SE16","Sweden",0.08,0.3,4.6,0.32
"764","SE16","GAMMTRATTEN","1764","PICE ABI",2006-02-01,"150753",2006,"2006_SE16","Sweden",0.09,0.22,4.6,0.28
"765","SE16","GAMMTRATTEN","1764","PICE ABI",2006-03-01,"150754",2006,"2006_SE16","Sweden",0.03,0.19,4.8,0.21
"766","SE16","GAMMTRATTEN","1764","PICE ABI",2006-04-01,"150755",2006,"2006_SE16","Sweden",0.23,0.46,5.7,0.64
"767","SE16","GAMMTRATTEN","1764","PICE ABI",2006-05-01,"150756",2006,"2006_SE16","Sweden",0.01,0.08,4.8,0.19
"768","SE16","GAMMTRATTEN","1764","PICE ABI",2006-06-01,"150757",2006,"2006_SE16","Sweden",0.32,0.13,5.7,0.26
"769","SE16","GAMMTRATTEN","1764","PICE ABI",2006-07-01,"150758",2006,"2006_SE16","Sweden",0.18,0.15,5.2,0.3
"770","SE16","GAMMTRATTEN","1764","PICE ABI",2006-08-01,"150759",2006,"2006_SE16","Sweden",0.21,0.13,5,0.29
"771","SE16","GAMMTRATTEN","1764","PICE ABI",2006-09-01,"150760",2006,"2006_SE16","Sweden",0.06,0.08,5,0.21
"772","SE16","GAMMTRATTEN","1764","PICE ABI",2006-10-01,"150761",2006,"2006_SE16","Sweden",0.07,0.06,5.4,0.1
"773","SE16","GAMMTRATTEN","1764","PICE ABI",2006-11-01,"150762",2006,"2006_SE16","Sweden",0.01,0.15,4.9,0.13
"774","SE16","GAMMTRATTEN","1764","PICE ABI",2006-12-01,"150763",2006,"2006_SE16","Sweden",0.03,0.11,5.5,0.07
"775","SE16","GAMMTRATTEN","1764","PICE ABI",2007-01-01,"150747",2007,"2007_SE16","Sweden",0.01,0.1,5.12,0.08
"776","SE16","GAMMTRATTEN","1764","PICE ABI",2007-02-01,"150748",2007,"2007_SE16","Sweden",0.04,0.23,4.74,0.23
"777","SE16","GAMMTRATTEN","1764","PICE ABI",2007-03-01,"150749",2007,"2007_SE16","Sweden",0.01,0.27,4.54,0.51
"778","SE16","GAMMTRATTEN","1764","PICE ABI",2007-04-01,"150750",2007,"2007_SE16","Sweden",0.02,0.01,4.82,0.29
"779","SE16","GAMMTRATTEN","1764","PICE ABI",2007-05-01,"150751",2007,"2007_SE16","Sweden",0.02,0.07,5,0.22
"780","SE16","GAMMTRATTEN","1764","PICE ABI",2007-06-01,"150740",2007,"2007_SE16","Sweden",0.02,0,4.85,0.13
"781","SE16","GAMMTRATTEN","1764","PICE ABI",2007-07-01,"150741",2007,"2007_SE16","Sweden",0.02,0,5.15,0.17
"782","SE16","GAMMTRATTEN","1764","PICE ABI",2007-08-01,"150742",2007,"2007_SE16","Sweden",0.05,0.05,5.18,0.18
"783","SE16","GAMMTRATTEN","1764","PICE ABI",2007-09-01,"150743",2007,"2007_SE16","Sweden",0.03,0.05,5.17,0.11
"784","SE16","GAMMTRATTEN","1764","PICE ABI",2007-10-01,"150744",2007,"2007_SE16","Sweden",0.01,0.13,4.72,0.43
"785","SE16","GAMMTRATTEN","1764","PICE ABI",2007-11-01,"150745",2007,"2007_SE16","Sweden",0.01,0.09,5.16,0.09
"786","SE16","GAMMTRATTEN","1764","PICE ABI",2007-12-01,"150746",2007,"2007_SE16","Sweden",0.06,0.15,4.95,0.16
"787","SE16","GAMMTRATTEN","1764","PICE ABI",2008-01-01,"168940",2008,"2008_SE16","Sweden",0.071,0.215,4.85,0.14
"788","SE16","GAMMTRATTEN","1764","PICE ABI",2008-02-01,"168941",2008,"2008_SE16","Sweden",0.093,0.236,4.76,0.231
"789","SE16","GAMMTRATTEN","1764","PICE ABI",2008-03-01,"168942",2008,"2008_SE16","Sweden",0.281,0.258,4.57,0.615
"790","SE16","GAMMTRATTEN","1764","PICE ABI",2008-04-01,"168943",2008,"2008_SE16","Sweden",0.131,0.413,4.5,0.828
"791","SE16","GAMMTRATTEN","1764","PICE ABI",2008-05-01,"168944",2008,"2008_SE16","Sweden",0.431,0.181,5.66,0.605
"792","SE16","GAMMTRATTEN","1764","PICE ABI",2008-06-01,"168945",2008,"2008_SE16","Sweden",0.066,0.047,5.13,0.242
"793","SE16","GAMMTRATTEN","1764","PICE ABI",2008-07-01,"168946",2008,"2008_SE16","Sweden",0.007,0.028,5.12,0.11
"794","SE16","GAMMTRATTEN","1764","PICE ABI",2008-08-01,"168947",2008,"2008_SE16","Sweden",0.032,0.035,5.15,0.136
"795","SE16","GAMMTRATTEN","1764","PICE ABI",2008-09-01,"168948",2008,"2008_SE16","Sweden",0.26,0.213,5.2,0.537
"796","SE16","GAMMTRATTEN","1764","PICE ABI",2008-10-01,"168949",2008,"2008_SE16","Sweden",0.038,0.086,5.05,0.182
"797","SE16","GAMMTRATTEN","1764","PICE ABI",2008-11-01,"168950",2008,"2008_SE16","Sweden",0.027,0.139,5.04,0.126
"798","SE16","GAMMTRATTEN","1764","PICE ABI",2008-12-01,"168951",2008,"2008_SE16","Sweden",0.053,0.206,4.89,0.147
"799","SE16","GAMMTRATTEN","1764","PICE ABI",2009-01-01,"169095",2009,"2009_SE16","Sweden",0.16,0.25,4.5,0.51
"800","SE16","GAMMTRATTEN","1764","PICE ABI",2009-02-01,"169096",2009,"2009_SE16","Sweden",0.11,0.25,4.7,0.26
"801","SE16","GAMMTRATTEN","1764","PICE ABI",2009-03-01,"169097",2009,"2009_SE16","Sweden",0.21,0.28,4.6,0.61
"802","SE16","GAMMTRATTEN","1764","PICE ABI",2009-04-01,"169098",2009,"2009_SE16","Sweden",0.11,0.38,4.8,0.48
"803","SE16","GAMMTRATTEN","1764","PICE ABI",2009-05-01,"169099",2009,"2009_SE16","Sweden",0.08,0.08,4.9,0.49
"804","SE16","GAMMTRATTEN","1764","PICE ABI",2009-06-01,"169100",2009,"2009_SE16","Sweden",0.04,0.06,5.2,0.23
"805","SE16","GAMMTRATTEN","1764","PICE ABI",2009-07-01,"169101",2009,"2009_SE16","Sweden",0.02,0.03,5.2,0.11
"806","SE16","GAMMTRATTEN","1764","PICE ABI",2009-08-01,"169102",2009,"2009_SE16","Sweden",0.19,0.17,5.1,0.24
"807","SE16","GAMMTRATTEN","1764","PICE ABI",2009-09-01,"169103",2009,"2009_SE16","Sweden",0.19,0.16,5.4,0.2
"808","SE16","GAMMTRATTEN","1764","PICE ABI",2009-10-01,"169104",2009,"2009_SE16","Sweden",0.02,0.01,5.2,0.11
"809","SE16","GAMMTRATTEN","1764","PICE ABI",2009-11-01,"169105",2009,"2009_SE16","Sweden",0.02,0.12,5,0.16
"810","SE16","GAMMTRATTEN","1764","PICE ABI",2009-12-01,"169106",2009,"2009_SE16","Sweden",0.08,0.22,4.8,0.23
"811","SE16","GAMMTRATTEN","1764","PICE ABI",2010-01-01,"193219",2010,"2010_SE16","Sweden",0.09,0.31,4.6,0.23
"812","SE16","GAMMTRATTEN","1764","PICE ABI",2010-02-01,"193220",2010,"2010_SE16","Sweden",0.07,0.3,4.7,0.19
"813","SE16","GAMMTRATTEN","1764","PICE ABI",2010-03-01,"193221",2010,"2010_SE16","Sweden",0.18,0.22,5,0.27
"814","SE16","GAMMTRATTEN","1764","PICE ABI",2010-04-01,"193222",2010,"2010_SE16","Sweden",0.01,0.14,4.9,0.57
"815","SE16","GAMMTRATTEN","1764","PICE ABI",2010-05-01,"193223",2010,"2010_SE16","Sweden",0.07,0.11,5,0.42
"816","SE16","GAMMTRATTEN","1764","PICE ABI",2010-06-01,"193224",2010,"2010_SE16","Sweden",0.17,0.09,5.4,0.2
"817","SE16","GAMMTRATTEN","1764","PICE ABI",2010-07-01,"193225",2010,"2010_SE16","Sweden",0.23,0.19,5.3,0.28
"818","SE16","GAMMTRATTEN","1764","PICE ABI",2010-08-01,"193226",2010,"2010_SE16","Sweden",0.16,0.06,5.3,0.14
"819","SE16","GAMMTRATTEN","1764","PICE ABI",2010-09-01,"193227",2010,"2010_SE16","Sweden",0.01,0.05,5.2,0.09
"820","SE16","GAMMTRATTEN","1764","PICE ABI",2010-10-01,"193228",2010,"2010_SE16","Sweden",0.01,0.01,5.3,0.1
"821","SE16","GAMMTRATTEN","1764","PICE ABI",2010-11-01,"193229",2010,"2010_SE16","Sweden",0.01,0.1,5,0.09
"822","SE16","GAMMTRATTEN","1764","PICE ABI",2010-12-01,"193230",2010,"2010_SE16","Sweden",0.06,0.25,5,0.16
"823","SE16","GAMMTRATTEN","1764","PICE ABI",2011-01-01,"193231",2011,"2011_SE16","Sweden",0.02,0.11,5.02,0.11
"824","SE16","GAMMTRATTEN","1764","PICE ABI",2011-02-01,"193232",2011,"2011_SE16","Sweden",0.06,0.35,4.62,0.23
"825","SE16","GAMMTRATTEN","1764","PICE ABI",2011-03-01,"193233",2011,"2011_SE16","Sweden",0.02,0.01,4.97,0.37
"826","SE16","GAMMTRATTEN","1764","PICE ABI",2011-04-01,"193234",2011,"2011_SE16","Sweden",0.02,0.01,5.54,0.66
"827","SE16","GAMMTRATTEN","1764","PICE ABI",2011-05-01,"193235",2011,"2011_SE16","Sweden",0.14,0.17,4.93,0.24
"828","SE16","GAMMTRATTEN","1764","PICE ABI",2011-06-01,"193236",2011,"2011_SE16","Sweden",0.16,0.12,5,0.18
"829","SE16","GAMMTRATTEN","1764","PICE ABI",2011-07-01,"193237",2011,"2011_SE16","Sweden",0.06,0.08,5.05,0.19
"830","SE16","GAMMTRATTEN","1764","PICE ABI",2011-08-01,"193238",2011,"2011_SE16","Sweden",0.03,0.05,5.04,0.12
"831","SE16","GAMMTRATTEN","1764","PICE ABI",2011-09-01,"193239",2011,"2011_SE16","Sweden",0.04,0.07,5.19,0.09
"832","SE16","GAMMTRATTEN","1764","PICE ABI",2011-10-01,"193240",2011,"2011_SE16","Sweden",0.03,0.01,5.26,0.13
"833","SE16","GAMMTRATTEN","1764","PICE ABI",2011-11-01,"193241",2011,"2011_SE16","Sweden",0.1,0.16,4.73,0.68
"834","SE16","GAMMTRATTEN","1764","PICE ABI",2011-12-01,"193242",2011,"2011_SE16","Sweden",0.03,0.06,5.12,0.07
"835","SE16","GAMMTRATTEN","1764","PICE ABI",2012-01-01,"217260",2012,"2012_SE16","Sweden",0.26,0.25,4.69,0.2
"836","SE16","GAMMTRATTEN","1764","PICE ABI",2012-02-01,"217261",2012,"2012_SE16","Sweden",0.04,0.17,4.88,0.1
"837","SE16","GAMMTRATTEN","1764","PICE ABI",2012-03-01,"217262",2012,"2012_SE16","Sweden",0.03,0.01,5.1,0.14
"838","SE16","GAMMTRATTEN","1764","PICE ABI",2012-04-01,"217263",2012,"2012_SE16","Sweden",0.06,0.13,4.86,0.15
"839","SE16","GAMMTRATTEN","1764","PICE ABI",2012-05-01,"217264",2012,"2012_SE16","Sweden",0.03,0.12,4.86,0.19
"840","SE16","GAMMTRATTEN","1764","PICE ABI",2012-06-01,"217265",2012,"2012_SE16","Sweden",0.07,0.04,5.19,0.14
"841","SE16","GAMMTRATTEN","1764","PICE ABI",2012-07-01,"217266",2012,"2012_SE16","Sweden",0.1,0.15,5.09,0.25
"842","SE16","GAMMTRATTEN","1764","PICE ABI",2012-08-01,"217267",2012,"2012_SE16","Sweden",0.04,0.03,5.19,0.1
"843","SE16","GAMMTRATTEN","1764","PICE ABI",2012-09-01,"217268",2012,"2012_SE16","Sweden",0.02,0.01,5.29,0.06
"844","SE16","GAMMTRATTEN","1764","PICE ABI",2012-10-01,"217269",2012,"2012_SE16","Sweden",0.02,0.11,5.16,0.09
"845","SE16","GAMMTRATTEN","1764","PICE ABI",2012-11-01,"217270",2012,"2012_SE16","Sweden",0.05,0.12,4.99,0.11
"846","SE16","GAMMTRATTEN","1764","PICE ABI",2012-12-01,"217271",2012,"2012_SE16","Sweden",0.08,0.26,4.67,0.21
"847","SE16","GAMMTRATTEN","1764","PICE ABI",2013-01-01,"226048",2013,"2013_SE16","Sweden",0.04,0.14,4.98,0.06
"848","SE16","GAMMTRATTEN","1764","PICE ABI",2013-02-01,"226049",2013,"2013_SE16","Sweden",0.02,0.15,4.88,0.19
"849","SE16","GAMMTRATTEN","1764","PICE ABI",2013-03-01,"226050",2013,"2013_SE16","Sweden",0.02,0.07,5.03,0.23
"850","SE16","GAMMTRATTEN","1764","PICE ABI",2013-04-01,"226051",2013,"2013_SE16","Sweden",0.03,0.03,5.11,0.19
"851","SE16","GAMMTRATTEN","1764","PICE ABI",2013-05-01,"226052",2013,"2013_SE16","Sweden",0.08,0.13,5.1,0.15
"852","SE16","GAMMTRATTEN","1764","PICE ABI",2013-06-01,"226053",2013,"2013_SE16","Sweden",1.38,0.06,6.3,0.23
"853","SE16","GAMMTRATTEN","1764","PICE ABI",2013-07-01,"226054",2013,"2013_SE16","Sweden",0.02,0.02,5.27,0.07
"854","SE16","GAMMTRATTEN","1764","PICE ABI",2013-08-01,"226055",2013,"2013_SE16","Sweden",0.03,0.07,5.09,0.1
"855","SE16","GAMMTRATTEN","1764","PICE ABI",2013-09-01,"226056",2013,"2013_SE16","Sweden",0.06,0.08,4.82,0.31
"856","SE16","GAMMTRATTEN","1764","PICE ABI",2013-10-01,"226057",2013,"2013_SE16","Sweden",0.03,0,5.25,0.07
"857","SE16","GAMMTRATTEN","1764","PICE ABI",2013-11-01,"226058",2013,"2013_SE16","Sweden",0.03,0.01,5.12,0.09
"858","SE16","GAMMTRATTEN","1764","PICE ABI",2013-12-01,"226059",2013,"2013_SE16","Sweden",0.07,0.15,4.92,0.17
"859","SE16","GAMMTRATTEN","1764","PICE ABI",2014-01-01,"262744",2014,"2014_SE16","Sweden",0.06,0.23,4.67,0.23
"860","SE16","GAMMTRATTEN","1764","PICE ABI",2014-02-01,"262745",2014,"2014_SE16","Sweden",0.2,0.33,4.65,0.32
"861","SE16","GAMMTRATTEN","1764","PICE ABI",2014-03-01,"262746",2014,"2014_SE16","Sweden",0.02,0.01,5.07,0.47
"862","SE16","GAMMTRATTEN","1764","PICE ABI",2014-04-01,"262747",2014,"2014_SE16","Sweden",0.02,0,5,0.24
"863","SE16","GAMMTRATTEN","1764","PICE ABI",2014-05-01,"262748",2014,"2014_SE16","Sweden",0.22,0.17,5.07,0.41
"864","SE16","GAMMTRATTEN","1764","PICE ABI",2014-06-01,"262749",2014,"2014_SE16","Sweden",0.03,0.04,5.43,0.16
"865","SE16","GAMMTRATTEN","1764","PICE ABI",2014-07-01,"262750",2014,"2014_SE16","Sweden",0.14,0.12,5.06,0.29
"866","SE16","GAMMTRATTEN","1764","PICE ABI",2014-08-01,"262751",2014,"2014_SE16","Sweden",0.02,0.05,5.07,0.1
"867","SE16","GAMMTRATTEN","1764","PICE ABI",2014-09-01,"262752",2014,"2014_SE16","Sweden",0.02,0,4.75,0.64
"868","SE16","GAMMTRATTEN","1764","PICE ABI",2014-10-01,"262753",2014,"2014_SE16","Sweden",0.02,0,4.97,0.25
"869","SE16","GAMMTRATTEN","1764","PICE ABI",2014-11-01,"262754",2014,"2014_SE16","Sweden",0.05,0.09,5.07,0.21
"870","SE16","GAMMTRATTEN","1764","PICE ABI",2014-12-01,"262755",2014,"2014_SE16","Sweden",0.02,0.09,4.78,0.27
"871","SE16","GAMMTRATTEN","1764","PICE ABI",2015-01-01,"262792",2015,"2015_SE16","Sweden",0.05,0.18,5.2,0.13
"872","SE16","GAMMTRATTEN","1764","PICE ABI",2015-02-01,"262793",2015,"2015_SE16","Sweden",0.02,0.22,4.8,0.25
"873","SE16","GAMMTRATTEN","1764","PICE ABI",2015-03-01,"262794",2015,"2015_SE16","Sweden",0.02,0,5.51,0.23
"874","SE16","GAMMTRATTEN","1764","PICE ABI",2015-04-01,"262795",2015,"2015_SE16","Sweden",0.02,0.01,5.27,0.16
"875","SE16","GAMMTRATTEN","1764","PICE ABI",2015-05-01,"262796",2015,"2015_SE16","Sweden",0.02,0.01,5.27,0.16
"876","SE16","GAMMTRATTEN","1764","PICE ABI",2015-06-01,"262797",2015,"2015_SE16","Sweden",0.06,0.03,5.54,0.11
"877","SE16","GAMMTRATTEN","1764","PICE ABI",2015-07-01,"262798",2015,"2015_SE16","Sweden",0.06,0.02,5.66,0.09
"878","SE16","GAMMTRATTEN","1764","PICE ABI",2015-08-01,"262799",2015,"2015_SE16","Sweden",0.08,0.07,5.33,0.19
"879","SE16","GAMMTRATTEN","1764","PICE ABI",2015-09-01,"262800",2015,"2015_SE16","Sweden",0.02,0.04,5.24,0.09
"880","SE16","GAMMTRATTEN","1764","PICE ABI",2015-10-01,"262801",2015,"2015_SE16","Sweden",0.02,0,5.58,0.09
"881","SE16","GAMMTRATTEN","1764","PICE ABI",2015-11-01,"262802",2015,"2015_SE16","Sweden",0.02,0.02,5.4,0.04
"882","SE16","GAMMTRATTEN","1764","PICE ABI",2015-12-01,"262803",2015,"2015_SE16","Sweden",0.02,0.07,5.11,0.05
"883","SE16","GAMMTRATTEN","1764","PICE ABI",2016-01-01,"272037",2016,"2016_SE16","Sweden",0.04,0.17,4.03,0.07
"884","SE16","GAMMTRATTEN","1764","PICE ABI",2016-02-01,"272038",2016,"2016_SE16","Sweden",0.04,0.15,5.01,0.07
"885","SE16","GAMMTRATTEN","1764","PICE ABI",2016-03-01,"272039",2016,"2016_SE16","Sweden",0.02,0.3,4.65,0.49
"886","SE16","GAMMTRATTEN","1764","PICE ABI",2016-04-01,"272040",2016,"2016_SE16","Sweden",0.02,0.14,4.98,0.23
"887","SE16","GAMMTRATTEN","1764","PICE ABI",2016-05-01,"272041",2016,"2016_SE16","Sweden",0.2,0.2,5.13,0.2
"888","SE16","GAMMTRATTEN","1764","PICE ABI",2016-06-01,"272042",2016,"2016_SE16","Sweden",0.21,0.03,5.71,0.09
"889","SE16","GAMMTRATTEN","1764","PICE ABI",2016-07-01,"272043",2016,"2016_SE16","Sweden",0.18,0.04,5.63,0.1
"890","SE16","GAMMTRATTEN","1764","PICE ABI",2016-08-01,"272044",2016,"2016_SE16","Sweden",0.02,0.04,5.26,0.07
"891","SE16","GAMMTRATTEN","1764","PICE ABI",2016-09-01,"272045",2016,"2016_SE16","Sweden",0.04,0.08,5.18,0.17
"892","SE16","GAMMTRATTEN","1764","PICE ABI",2016-10-01,"272046",2016,"2016_SE16","Sweden",0.19,0.13,4.92,0.45
"893","SE16","GAMMTRATTEN","1764","PICE ABI",2016-11-01,"272047",2016,"2016_SE16","Sweden",0.02,0.1,5.205,0.09
"894","SE16","GAMMTRATTEN","1764","PICE ABI",2016-12-01,"272048",2016,"2016_SE16","Sweden",0.02,0.03,5.22,0.03
